,Team,Year,season
0,CJ Entus,15,Spring
1,Incredible Miracle,15,Spring
2,Jin Air Green Wings,15,Spring
3,KT Rolster,15,Spring
4,NaJin e-mFire,15,Spring
5,ROX Tigers,15,Spring
6,Samsung Galaxy,15,Spring
7,SK Telecom T1,15,Spring
8,CJ Entus,15,Summer
9,Incredible Miracle,15,Summer
10,Jin Air Green Wings,15,Summer
11,KT Rolster,15,Summer
12,NaJin e-mFire,15,Summer
13,Rebels Anarchy,15,Summer
14,ROX Tigers,15,Summer
15,Samsung Galaxy,15,Summer
16,SBENU Korea,15,Summer
17,SK Telecom T1,15,Summer
18,Afreeca Freecs,16,Spring
19,CJ Entus,16,Spring
20,e-mFire,16,Spring
21,Jin Air Green Wings,16,Spring
22,Kongdoo Monster,16,Spring
23,KT Rolster,16,Spring
24,Longzhu Gaming,16,Spring
25,ROX Tigers,16,Spring
26,Samsung Galaxy,16,Spring
27,SBENU Korea,16,Spring
28,SK Telecom T1,16,Spring
29,Afreeca Freecs,16,Summer
30,CJ Entus,16,Summer
31,ESC Ever,16,Summer
32,Jin Air Green Wings,16,Summer
33,KT Rolster,16,Summer
34,Longzhu Gaming,16,Summer
35,MVP,16,Summer
36,ROX Tigers,16,Summer
37,Samsung Galaxy,16,Summer
38,SK Telecom T1,16,Summer
39,Afreeca Freecs,17,Spring
40,bbq Olivers,17,Spring
41,Jin Air Green Wings,17,Spring
42,Kongdoo Monster,17,Spring
43,KT Rolster,17,Spring
44,Longzhu Gaming,17,Spring
45,MVP,17,Spring
46,ROX Tigers,17,Spring
47,Samsung Galaxy,17,Spring
48,SK Telecom T1,17,Spring
49,Afreeca Freecs,17,Summer
50,bbq Olivers,17,Summer
51,Ever8 Winners,17,Summer
52,Jin Air Green Wings,17,Summer
53,KT Rolster,17,Summer
54,Longzhu Gaming,17,Summer
55,MVP,17,Summer
56,ROX Tigers,17,Summer
57,Samsung Galaxy,17,Summer
58,SK Telecom T1,17,Summer
59,Afreeca Freecs,18,Spring
60,bbq Olivers,18,Spring
61,Jin Air Green Wings,18,Spring
62,Kingzone DragonX,18,Spring
63,Kongdoo Monster,18,Spring
64,KSV eSports,18,Spring
65,KT Rolster,18,Spring
66,MVP,18,Spring
67,ROX Tigers,18,Spring
68,SK Telecom T1,18,Spring
69,Afreeca Freecs,18,Summer
70,bbq Olivers,18,Summer
71,Gen.G,18,Summer
72,Griffin,18,Summer
73,Hanwha Life Esports,18,Summer
74,Jin Air Green Wings,18,Summer
75,Kingzone DragonX,18,Summer
76,KT Rolster,18,Summer
77,MVP,18,Summer
78,SK Telecom T1,18,Summer
79,Afreeca Freecs,19,Spring
80,DWG KIA,19,Spring
81,Gen.G,19,Spring
82,Griffin,19,Spring
83,Hanwha Life Esports,19,Spring
84,Jin Air Green Wings,19,Spring
85,Kingzone DragonX,19,Spring
86,KT Rolster,19,Spring
87,Liiv SANDBOX,19,Spring
88,SK Telecom T1,19,Spring
89,Afreeca Freecs,19,Summer
90,DWG KIA,19,Summer
91,Gen.G,19,Summer
92,Griffin,19,Summer
93,Hanwha Life Esports,19,Summer
94,Jin Air Green Wings,19,Summer
95,Kingzone DragonX,19,Summer
96,KT Rolster,19,Summer
97,Liiv SANDBOX,19,Summer
98,SK Telecom T1,19,Summer
99,Afreeca Freecs,20,Spring
100,DRX,20,Spring
101,DWG KIA,20,Spring
102,Gen.G,20,Spring
103,Griffin,20,Spring
104,Hanwha Life Esports,20,Spring
105,KT Rolster,20,Spring
106,Liiv SANDBOX,20,Spring
107,SeolHaeOne Prince,20,Spring
108,T1,20,Spring
109,Afreeca Freecs,20,Summer
110,DRX,20,Summer
111,DWG KIA,20,Summer
112,Gen.G,20,Summer
113,Hanwha Life Esports,20,Summer
114,KT Rolster,20,Summer
115,Liiv SANDBOX,20,Summer
116,SeolHaeOne Prince,20,Summer
117,T1,20,Summer
118,Team Dynamics,20,Summer
119,Afreeca Freecs,21,Spring
120,DRX,21,Spring
121,DWG KIA,21,Spring
122,Fredit BRION,21,Spring
123,Gen.G,21,Spring
124,Hanwha Life Esports,21,Spring
125,KT Rolster,21,Spring
126,Liiv SANDBOX,21,Spring
127,Nongshim RedForce,21,Spring
128,T1,21,Spring
129,CJ Entus,15,Spring
130,Incredible Miracle,15,Spring
131,Jin Air Green Wings,15,Spring
132,KT Rolster,15,Spring
133,NaJin e-mFire,15,Spring
134,ROX Tigers,15,Spring
135,Samsung Galaxy,15,Spring
136,SK Telecom T1,15,Spring
137,CJ Entus,15,Summer
138,Incredible Miracle,15,Summer
139,Jin Air Green Wings,15,Summer
140,KT Rolster,15,Summer
141,NaJin e-mFire,15,Summer
142,Rebels Anarchy,15,Summer
143,ROX Tigers,15,Summer
144,Samsung Galaxy,15,Summer
145,SBENU Korea,15,Summer
146,SK Telecom T1,15,Summer
147,Afreeca Freecs,16,Spring
148,CJ Entus,16,Spring
149,e-mFire,16,Spring
150,Jin Air Green Wings,16,Spring
151,Kongdoo Monster,16,Spring
152,KT Rolster,16,Spring
153,Longzhu Gaming,16,Spring
154,ROX Tigers,16,Spring
155,Samsung Galaxy,16,Spring
156,SBENU Korea,16,Spring
157,SK Telecom T1,16,Spring
158,Afreeca Freecs,16,Summer
159,CJ Entus,16,Summer
160,ESC Ever,16,Summer
161,Jin Air Green Wings,16,Summer
162,KT Rolster,16,Summer
163,Longzhu Gaming,16,Summer
164,MVP,16,Summer
165,ROX Tigers,16,Summer
166,Samsung Galaxy,16,Summer
167,SK Telecom T1,16,Summer
168,Afreeca Freecs,17,Spring
169,bbq Olivers,17,Spring
170,Jin Air Green Wings,17,Spring
171,Kongdoo Monster,17,Spring
172,KT Rolster,17,Spring
173,Longzhu Gaming,17,Spring
174,MVP,17,Spring
175,ROX Tigers,17,Spring
176,Samsung Galaxy,17,Spring
177,SK Telecom T1,17,Spring
178,Afreeca Freecs,17,Summer
179,bbq Olivers,17,Summer
180,Ever8 Winners,17,Summer
181,Jin Air Green Wings,17,Summer
182,KT Rolster,17,Summer
183,Longzhu Gaming,17,Summer
184,MVP,17,Summer
185,ROX Tigers,17,Summer
186,Samsung Galaxy,17,Summer
187,SK Telecom T1,17,Summer
188,Afreeca Freecs,18,Spring
189,bbq Olivers,18,Spring
190,Jin Air Green Wings,18,Spring
191,Kingzone DragonX,18,Spring
192,Kongdoo Monster,18,Spring
193,KSV eSports,18,Spring
194,KT Rolster,18,Spring
195,MVP,18,Spring
196,ROX Tigers,18,Spring
197,SK Telecom T1,18,Spring
198,Afreeca Freecs,18,Summer
199,bbq Olivers,18,Summer
200,Gen.G,18,Summer
201,Griffin,18,Summer
202,Hanwha Life Esports,18,Summer
203,Jin Air Green Wings,18,Summer
204,Kingzone DragonX,18,Summer
205,KT Rolster,18,Summer
206,MVP,18,Summer
207,SK Telecom T1,18,Summer
208,Afreeca Freecs,19,Spring
209,DWG KIA,19,Spring
210,Gen.G,19,Spring
211,Griffin,19,Spring
212,Hanwha Life Esports,19,Spring
213,Jin Air Green Wings,19,Spring
214,Kingzone DragonX,19,Spring
215,KT Rolster,19,Spring
216,Liiv SANDBOX,19,Spring
217,SK Telecom T1,19,Spring
218,Afreeca Freecs,19,Summer
219,DWG KIA,19,Summer
220,Gen.G,19,Summer
221,Griffin,19,Summer
222,Hanwha Life Esports,19,Summer
223,Jin Air Green Wings,19,Summer
224,Kingzone DragonX,19,Summer
225,KT Rolster,19,Summer
226,Liiv SANDBOX,19,Summer
227,SK Telecom T1,19,Summer
228,Afreeca Freecs,20,Spring
229,DRX,20,Spring
230,DWG KIA,20,Spring
231,Gen.G,20,Spring
232,Griffin,20,Spring
233,Hanwha Life Esports,20,Spring
234,KT Rolster,20,Spring
235,Liiv SANDBOX,20,Spring
236,SeolHaeOne Prince,20,Spring
237,T1,20,Spring
238,Afreeca Freecs,20,Summer
239,DRX,20,Summer
240,DWG KIA,20,Summer
241,Gen.G,20,Summer
242,Hanwha Life Esports,20,Summer
243,KT Rolster,20,Summer
244,Liiv SANDBOX,20,Summer
245,SeolHaeOne Prince,20,Summer
246,T1,20,Summer
247,Team Dynamics,20,Summer
248,Afreeca Freecs,21,Spring
249,DRX,21,Spring
250,DWG KIA,21,Spring
251,Fredit BRION,21,Spring
252,Gen.G,21,Spring
253,Hanwha Life Esports,21,Spring
254,KT Rolster,21,Spring
255,Liiv SANDBOX,21,Spring
256,Nongshim RedForce,21,Spring
257,T1,21,Spring
258,CJ Entus,15,Spring
259,Incredible Miracle,15,Spring
260,Jin Air Green Wings,15,Spring
261,KT Rolster,15,Spring
262,NaJin e-mFire,15,Spring
263,ROX Tigers,15,Spring
264,Samsung Galaxy,15,Spring
265,SK Telecom T1,15,Spring
266,CJ Entus,15,Summer
267,Incredible Miracle,15,Summer
268,Jin Air Green Wings,15,Summer
269,KT Rolster,15,Summer
270,NaJin e-mFire,15,Summer
271,Rebels Anarchy,15,Summer
272,ROX Tigers,15,Summer
273,Samsung Galaxy,15,Summer
274,SBENU Korea,15,Summer
275,SK Telecom T1,15,Summer
276,Afreeca Freecs,16,Spring
277,CJ Entus,16,Spring
278,e-mFire,16,Spring
279,Jin Air Green Wings,16,Spring
280,Kongdoo Monster,16,Spring
281,KT Rolster,16,Spring
282,Longzhu Gaming,16,Spring
283,ROX Tigers,16,Spring
284,Samsung Galaxy,16,Spring
285,SBENU Korea,16,Spring
286,SK Telecom T1,16,Spring
287,Afreeca Freecs,16,Summer
288,CJ Entus,16,Summer
289,ESC Ever,16,Summer
290,Jin Air Green Wings,16,Summer
291,KT Rolster,16,Summer
292,Longzhu Gaming,16,Summer
293,MVP,16,Summer
294,ROX Tigers,16,Summer
295,Samsung Galaxy,16,Summer
296,SK Telecom T1,16,Summer
297,Afreeca Freecs,17,Spring
298,bbq Olivers,17,Spring
299,Jin Air Green Wings,17,Spring
300,Kongdoo Monster,17,Spring
301,KT Rolster,17,Spring
302,Longzhu Gaming,17,Spring
303,MVP,17,Spring
304,ROX Tigers,17,Spring
305,Samsung Galaxy,17,Spring
306,SK Telecom T1,17,Spring
307,Afreeca Freecs,17,Summer
308,bbq Olivers,17,Summer
309,Ever8 Winners,17,Summer
310,Jin Air Green Wings,17,Summer
311,KT Rolster,17,Summer
312,Longzhu Gaming,17,Summer
313,MVP,17,Summer
314,ROX Tigers,17,Summer
315,Samsung Galaxy,17,Summer
316,SK Telecom T1,17,Summer
317,Afreeca Freecs,18,Spring
318,bbq Olivers,18,Spring
319,Jin Air Green Wings,18,Spring
320,Kingzone DragonX,18,Spring
321,Kongdoo Monster,18,Spring
322,KSV eSports,18,Spring
323,KT Rolster,18,Spring
324,MVP,18,Spring
325,ROX Tigers,18,Spring
326,SK Telecom T1,18,Spring
327,Afreeca Freecs,18,Summer
328,bbq Olivers,18,Summer
329,Gen.G,18,Summer
330,Griffin,18,Summer
331,Hanwha Life Esports,18,Summer
332,Jin Air Green Wings,18,Summer
333,Kingzone DragonX,18,Summer
334,KT Rolster,18,Summer
335,MVP,18,Summer
336,SK Telecom T1,18,Summer
337,Afreeca Freecs,19,Spring
338,DWG KIA,19,Spring
339,Gen.G,19,Spring
340,Griffin,19,Spring
341,Hanwha Life Esports,19,Spring
342,Jin Air Green Wings,19,Spring
343,Kingzone DragonX,19,Spring
344,KT Rolster,19,Spring
345,Liiv SANDBOX,19,Spring
346,SK Telecom T1,19,Spring
347,Afreeca Freecs,19,Summer
348,DWG KIA,19,Summer
349,Gen.G,19,Summer
350,Griffin,19,Summer
351,Hanwha Life Esports,19,Summer
352,Jin Air Green Wings,19,Summer
353,Kingzone DragonX,19,Summer
354,KT Rolster,19,Summer
355,Liiv SANDBOX,19,Summer
356,SK Telecom T1,19,Summer
357,Afreeca Freecs,20,Spring
358,DRX,20,Spring
359,DWG KIA,20,Spring
360,Gen.G,20,Spring
361,Griffin,20,Spring
362,Hanwha Life Esports,20,Spring
363,KT Rolster,20,Spring
364,Liiv SANDBOX,20,Spring
365,SeolHaeOne Prince,20,Spring
366,T1,20,Spring
367,Afreeca Freecs,20,Summer
368,DRX,20,Summer
369,DWG KIA,20,Summer
370,Gen.G,20,Summer
371,Hanwha Life Esports,20,Summer
372,KT Rolster,20,Summer
373,Liiv SANDBOX,20,Summer
374,SeolHaeOne Prince,20,Summer
375,T1,20,Summer
376,Team Dynamics,20,Summer
377,Afreeca Freecs,21,Spring
378,DRX,21,Spring
379,DWG KIA,21,Spring
380,Fredit BRION,21,Spring
381,Gen.G,21,Spring
382,Hanwha Life Esports,21,Spring
383,KT Rolster,21,Spring
384,Liiv SANDBOX,21,Spring
385,Nongshim RedForce,21,Spring
386,T1,21,Spring
387,CJ Entus,15,Spring
388,Incredible Miracle,15,Spring
389,Jin Air Green Wings,15,Spring
390,KT Rolster,15,Spring
391,NaJin e-mFire,15,Spring
392,ROX Tigers,15,Spring
393,Samsung Galaxy,15,Spring
394,SK Telecom T1,15,Spring
395,CJ Entus,15,Summer
396,Incredible Miracle,15,Summer
397,Jin Air Green Wings,15,Summer
398,KT Rolster,15,Summer
399,NaJin e-mFire,15,Summer
400,Rebels Anarchy,15,Summer
401,ROX Tigers,15,Summer
402,Samsung Galaxy,15,Summer
403,SBENU Korea,15,Summer
404,SK Telecom T1,15,Summer
405,Afreeca Freecs,16,Spring
406,CJ Entus,16,Spring
407,e-mFire,16,Spring
408,Jin Air Green Wings,16,Spring
409,Kongdoo Monster,16,Spring
410,KT Rolster,16,Spring
411,Longzhu Gaming,16,Spring
412,ROX Tigers,16,Spring
413,Samsung Galaxy,16,Spring
414,SBENU Korea,16,Spring
415,SK Telecom T1,16,Spring
416,Afreeca Freecs,16,Summer
417,CJ Entus,16,Summer
418,ESC Ever,16,Summer
419,Jin Air Green Wings,16,Summer
420,KT Rolster,16,Summer
421,Longzhu Gaming,16,Summer
422,MVP,16,Summer
423,ROX Tigers,16,Summer
424,Samsung Galaxy,16,Summer
425,SK Telecom T1,16,Summer
426,Afreeca Freecs,17,Spring
427,bbq Olivers,17,Spring
428,Jin Air Green Wings,17,Spring
429,Kongdoo Monster,17,Spring
430,KT Rolster,17,Spring
431,Longzhu Gaming,17,Spring
432,MVP,17,Spring
433,ROX Tigers,17,Spring
434,Samsung Galaxy,17,Spring
435,SK Telecom T1,17,Spring
436,Afreeca Freecs,17,Summer
437,bbq Olivers,17,Summer
438,Ever8 Winners,17,Summer
439,Jin Air Green Wings,17,Summer
440,KT Rolster,17,Summer
441,Longzhu Gaming,17,Summer
442,MVP,17,Summer
443,ROX Tigers,17,Summer
444,Samsung Galaxy,17,Summer
445,SK Telecom T1,17,Summer
446,Afreeca Freecs,18,Spring
447,bbq Olivers,18,Spring
448,Jin Air Green Wings,18,Spring
449,Kingzone DragonX,18,Spring
450,Kongdoo Monster,18,Spring
451,KSV eSports,18,Spring
452,KT Rolster,18,Spring
453,MVP,18,Spring
454,ROX Tigers,18,Spring
455,SK Telecom T1,18,Spring
456,Afreeca Freecs,18,Summer
457,bbq Olivers,18,Summer
458,Gen.G,18,Summer
459,Griffin,18,Summer
460,Hanwha Life Esports,18,Summer
461,Jin Air Green Wings,18,Summer
462,Kingzone DragonX,18,Summer
463,KT Rolster,18,Summer
464,MVP,18,Summer
465,SK Telecom T1,18,Summer
466,Afreeca Freecs,19,Spring
467,DWG KIA,19,Spring
468,Gen.G,19,Spring
469,Griffin,19,Spring
470,Hanwha Life Esports,19,Spring
471,Jin Air Green Wings,19,Spring
472,Kingzone DragonX,19,Spring
473,KT Rolster,19,Spring
474,Liiv SANDBOX,19,Spring
475,SK Telecom T1,19,Spring
476,Afreeca Freecs,19,Summer
477,DWG KIA,19,Summer
478,Gen.G,19,Summer
479,Griffin,19,Summer
480,Hanwha Life Esports,19,Summer
481,Jin Air Green Wings,19,Summer
482,Kingzone DragonX,19,Summer
483,KT Rolster,19,Summer
484,Liiv SANDBOX,19,Summer
485,SK Telecom T1,19,Summer
486,Afreeca Freecs,20,Spring
487,DRX,20,Spring
488,DWG KIA,20,Spring
489,Gen.G,20,Spring
490,Griffin,20,Spring
491,Hanwha Life Esports,20,Spring
492,KT Rolster,20,Spring
493,Liiv SANDBOX,20,Spring
494,SeolHaeOne Prince,20,Spring
495,T1,20,Spring
496,Afreeca Freecs,20,Summer
497,DRX,20,Summer
498,DWG KIA,20,Summer
499,Gen.G,20,Summer
500,Hanwha Life Esports,20,Summer
501,KT Rolster,20,Summer
502,Liiv SANDBOX,20,Summer
503,SeolHaeOne Prince,20,Summer
504,T1,20,Summer
505,Team Dynamics,20,Summer
506,Afreeca Freecs,21,Spring
507,DRX,21,Spring
508,DWG KIA,21,Spring
509,Fredit BRION,21,Spring
510,Gen.G,21,Spring
511,Hanwha Life Esports,21,Spring
512,KT Rolster,21,Spring
513,Liiv SANDBOX,21,Spring
514,Nongshim RedForce,21,Spring
515,T1,21,Spring
516,CJ Entus,15,Spring
517,Incredible Miracle,15,Spring
518,Jin Air Green Wings,15,Spring
519,KT Rolster,15,Spring
520,NaJin e-mFire,15,Spring
521,ROX Tigers,15,Spring
522,Samsung Galaxy,15,Spring
523,SK Telecom T1,15,Spring
524,CJ Entus,15,Summer
525,Incredible Miracle,15,Summer
526,Jin Air Green Wings,15,Summer
527,KT Rolster,15,Summer
528,NaJin e-mFire,15,Summer
529,Rebels Anarchy,15,Summer
530,ROX Tigers,15,Summer
531,Samsung Galaxy,15,Summer
532,SBENU Korea,15,Summer
533,SK Telecom T1,15,Summer
534,Afreeca Freecs,16,Spring
535,CJ Entus,16,Spring
536,e-mFire,16,Spring
537,Jin Air Green Wings,16,Spring
538,Kongdoo Monster,16,Spring
539,KT Rolster,16,Spring
540,Longzhu Gaming,16,Spring
541,ROX Tigers,16,Spring
542,Samsung Galaxy,16,Spring
543,SBENU Korea,16,Spring
544,SK Telecom T1,16,Spring
545,Afreeca Freecs,16,Summer
546,CJ Entus,16,Summer
547,ESC Ever,16,Summer
548,Jin Air Green Wings,16,Summer
549,KT Rolster,16,Summer
550,Longzhu Gaming,16,Summer
551,MVP,16,Summer
552,ROX Tigers,16,Summer
553,Samsung Galaxy,16,Summer
554,SK Telecom T1,16,Summer
555,Afreeca Freecs,17,Spring
556,bbq Olivers,17,Spring
557,Jin Air Green Wings,17,Spring
558,Kongdoo Monster,17,Spring
559,KT Rolster,17,Spring
560,Longzhu Gaming,17,Spring
561,MVP,17,Spring
562,ROX Tigers,17,Spring
563,Samsung Galaxy,17,Spring
564,SK Telecom T1,17,Spring
565,Afreeca Freecs,17,Summer
566,bbq Olivers,17,Summer
567,Ever8 Winners,17,Summer
568,Jin Air Green Wings,17,Summer
569,KT Rolster,17,Summer
570,Longzhu Gaming,17,Summer
571,MVP,17,Summer
572,ROX Tigers,17,Summer
573,Samsung Galaxy,17,Summer
574,SK Telecom T1,17,Summer
575,Afreeca Freecs,18,Spring
576,bbq Olivers,18,Spring
577,Jin Air Green Wings,18,Spring
578,Kingzone DragonX,18,Spring
579,Kongdoo Monster,18,Spring
580,KSV eSports,18,Spring
581,KT Rolster,18,Spring
582,MVP,18,Spring
583,ROX Tigers,18,Spring
584,SK Telecom T1,18,Spring
585,Afreeca Freecs,18,Summer
586,bbq Olivers,18,Summer
587,Gen.G,18,Summer
588,Griffin,18,Summer
589,Hanwha Life Esports,18,Summer
590,Jin Air Green Wings,18,Summer
591,Kingzone DragonX,18,Summer
592,KT Rolster,18,Summer
593,MVP,18,Summer
594,SK Telecom T1,18,Summer
595,Afreeca Freecs,19,Spring
596,DWG KIA,19,Spring
597,Gen.G,19,Spring
598,Griffin,19,Spring
599,Hanwha Life Esports,19,Spring
600,Jin Air Green Wings,19,Spring
601,Kingzone DragonX,19,Spring
602,KT Rolster,19,Spring
603,Liiv SANDBOX,19,Spring
604,SK Telecom T1,19,Spring
605,Afreeca Freecs,19,Summer
606,DWG KIA,19,Summer
607,Gen.G,19,Summer
608,Griffin,19,Summer
609,Hanwha Life Esports,19,Summer
610,Jin Air Green Wings,19,Summer
611,Kingzone DragonX,19,Summer
612,KT Rolster,19,Summer
613,Liiv SANDBOX,19,Summer
614,SK Telecom T1,19,Summer
615,Afreeca Freecs,20,Spring
616,DRX,20,Spring
617,DWG KIA,20,Spring
618,Gen.G,20,Spring
619,Griffin,20,Spring
620,Hanwha Life Esports,20,Spring
621,KT Rolster,20,Spring
622,Liiv SANDBOX,20,Spring
623,SeolHaeOne Prince,20,Spring
624,T1,20,Spring
625,Afreeca Freecs,20,Summer
626,DRX,20,Summer
627,DWG KIA,20,Summer
628,Gen.G,20,Summer
629,Hanwha Life Esports,20,Summer
630,KT Rolster,20,Summer
631,Liiv SANDBOX,20,Summer
632,SeolHaeOne Prince,20,Summer
633,T1,20,Summer
634,Team Dynamics,20,Summer
635,Afreeca Freecs,21,Spring
636,DRX,21,Spring
637,DWG KIA,21,Spring
638,Fredit BRION,21,Spring
639,Gen.G,21,Spring
640,Hanwha Life Esports,21,Spring
641,KT Rolster,21,Spring
642,Liiv SANDBOX,21,Spring
643,Nongshim RedForce,21,Spring
644,T1,21,Spring
645,CJ Entus,15,Spring
646,Incredible Miracle,15,Spring
647,Jin Air Green Wings,15,Spring
648,KT Rolster,15,Spring
649,NaJin e-mFire,15,Spring
650,ROX Tigers,15,Spring
651,Samsung Galaxy,15,Spring
652,SK Telecom T1,15,Spring
653,CJ Entus,15,Summer
654,Incredible Miracle,15,Summer
655,Jin Air Green Wings,15,Summer
656,KT Rolster,15,Summer
657,NaJin e-mFire,15,Summer
658,Rebels Anarchy,15,Summer
659,ROX Tigers,15,Summer
660,Samsung Galaxy,15,Summer
661,SBENU Korea,15,Summer
662,SK Telecom T1,15,Summer
663,Afreeca Freecs,16,Spring
664,CJ Entus,16,Spring
665,e-mFire,16,Spring
666,Jin Air Green Wings,16,Spring
667,Kongdoo Monster,16,Spring
668,KT Rolster,16,Spring
669,Longzhu Gaming,16,Spring
670,ROX Tigers,16,Spring
671,Samsung Galaxy,16,Spring
672,SBENU Korea,16,Spring
673,SK Telecom T1,16,Spring
674,Afreeca Freecs,16,Summer
675,CJ Entus,16,Summer
676,ESC Ever,16,Summer
677,Jin Air Green Wings,16,Summer
678,KT Rolster,16,Summer
679,Longzhu Gaming,16,Summer
680,MVP,16,Summer
681,ROX Tigers,16,Summer
682,Samsung Galaxy,16,Summer
683,SK Telecom T1,16,Summer
684,Afreeca Freecs,17,Spring
685,bbq Olivers,17,Spring
686,Jin Air Green Wings,17,Spring
687,Kongdoo Monster,17,Spring
688,KT Rolster,17,Spring
689,Longzhu Gaming,17,Spring
690,MVP,17,Spring
691,ROX Tigers,17,Spring
692,Samsung Galaxy,17,Spring
693,SK Telecom T1,17,Spring
694,Afreeca Freecs,17,Summer
695,bbq Olivers,17,Summer
696,Ever8 Winners,17,Summer
697,Jin Air Green Wings,17,Summer
698,KT Rolster,17,Summer
699,Longzhu Gaming,17,Summer
700,MVP,17,Summer
701,ROX Tigers,17,Summer
702,Samsung Galaxy,17,Summer
703,SK Telecom T1,17,Summer
704,Afreeca Freecs,18,Spring
705,bbq Olivers,18,Spring
706,Jin Air Green Wings,18,Spring
707,Kingzone DragonX,18,Spring
708,Kongdoo Monster,18,Spring
709,KSV eSports,18,Spring
710,KT Rolster,18,Spring
711,MVP,18,Spring
712,ROX Tigers,18,Spring
713,SK Telecom T1,18,Spring
714,Afreeca Freecs,18,Summer
715,bbq Olivers,18,Summer
716,Gen.G,18,Summer
717,Griffin,18,Summer
718,Hanwha Life Esports,18,Summer
719,Jin Air Green Wings,18,Summer
720,Kingzone DragonX,18,Summer
721,KT Rolster,18,Summer
722,MVP,18,Summer
723,SK Telecom T1,18,Summer
724,Afreeca Freecs,19,Spring
725,DWG KIA,19,Spring
726,Gen.G,19,Spring
727,Griffin,19,Spring
728,Hanwha Life Esports,19,Spring
729,Jin Air Green Wings,19,Spring
730,Kingzone DragonX,19,Spring
731,KT Rolster,19,Spring
732,Liiv SANDBOX,19,Spring
733,SK Telecom T1,19,Spring
734,Afreeca Freecs,19,Summer
735,DWG KIA,19,Summer
736,Gen.G,19,Summer
737,Griffin,19,Summer
738,Hanwha Life Esports,19,Summer
739,Jin Air Green Wings,19,Summer
740,Kingzone DragonX,19,Summer
741,KT Rolster,19,Summer
742,Liiv SANDBOX,19,Summer
743,SK Telecom T1,19,Summer
744,Afreeca Freecs,20,Spring
745,DRX,20,Spring
746,DWG KIA,20,Spring
747,Gen.G,20,Spring
748,Griffin,20,Spring
749,Hanwha Life Esports,20,Spring
750,KT Rolster,20,Spring
751,Liiv SANDBOX,20,Spring
752,SeolHaeOne Prince,20,Spring
753,T1,20,Spring
754,Afreeca Freecs,20,Summer
755,DRX,20,Summer
756,DWG KIA,20,Summer
757,Gen.G,20,Summer
758,Hanwha Life Esports,20,Summer
759,KT Rolster,20,Summer
760,Liiv SANDBOX,20,Summer
761,SeolHaeOne Prince,20,Summer
762,T1,20,Summer
763,Team Dynamics,20,Summer
764,Afreeca Freecs,21,Spring
765,DRX,21,Spring
766,DWG KIA,21,Spring
767,Fredit BRION,21,Spring
768,Gen.G,21,Spring
769,Hanwha Life Esports,21,Spring
770,KT Rolster,21,Spring
771,Liiv SANDBOX,21,Spring
772,Nongshim RedForce,21,Spring
773,T1,21,Spring
774,CJ Entus,15,Spring
775,Incredible Miracle,15,Spring
776,Jin Air Green Wings,15,Spring
777,KT Rolster,15,Spring
778,NaJin e-mFire,15,Spring
779,ROX Tigers,15,Spring
780,Samsung Galaxy,15,Spring
781,SK Telecom T1,15,Spring
782,CJ Entus,15,Summer
783,Incredible Miracle,15,Summer
784,Jin Air Green Wings,15,Summer
785,KT Rolster,15,Summer
786,NaJin e-mFire,15,Summer
787,Rebels Anarchy,15,Summer
788,ROX Tigers,15,Summer
789,Samsung Galaxy,15,Summer
790,SBENU Korea,15,Summer
791,SK Telecom T1,15,Summer
792,Afreeca Freecs,16,Spring
793,CJ Entus,16,Spring
794,e-mFire,16,Spring
795,Jin Air Green Wings,16,Spring
796,Kongdoo Monster,16,Spring
797,KT Rolster,16,Spring
798,Longzhu Gaming,16,Spring
799,ROX Tigers,16,Spring
800,Samsung Galaxy,16,Spring
801,SBENU Korea,16,Spring
802,SK Telecom T1,16,Spring
803,Afreeca Freecs,16,Summer
804,CJ Entus,16,Summer
805,ESC Ever,16,Summer
806,Jin Air Green Wings,16,Summer
807,KT Rolster,16,Summer
808,Longzhu Gaming,16,Summer
809,MVP,16,Summer
810,ROX Tigers,16,Summer
811,Samsung Galaxy,16,Summer
812,SK Telecom T1,16,Summer
813,Afreeca Freecs,17,Spring
814,bbq Olivers,17,Spring
815,Jin Air Green Wings,17,Spring
816,Kongdoo Monster,17,Spring
817,KT Rolster,17,Spring
818,Longzhu Gaming,17,Spring
819,MVP,17,Spring
820,ROX Tigers,17,Spring
821,Samsung Galaxy,17,Spring
822,SK Telecom T1,17,Spring
823,Afreeca Freecs,17,Summer
824,bbq Olivers,17,Summer
825,Ever8 Winners,17,Summer
826,Jin Air Green Wings,17,Summer
827,KT Rolster,17,Summer
828,Longzhu Gaming,17,Summer
829,MVP,17,Summer
830,ROX Tigers,17,Summer
831,Samsung Galaxy,17,Summer
832,SK Telecom T1,17,Summer
833,Afreeca Freecs,18,Spring
834,bbq Olivers,18,Spring
835,Jin Air Green Wings,18,Spring
836,Kingzone DragonX,18,Spring
837,Kongdoo Monster,18,Spring
838,KSV eSports,18,Spring
839,KT Rolster,18,Spring
840,MVP,18,Spring
841,ROX Tigers,18,Spring
842,SK Telecom T1,18,Spring
843,Afreeca Freecs,18,Summer
844,bbq Olivers,18,Summer
845,Gen.G,18,Summer
846,Griffin,18,Summer
847,Hanwha Life Esports,18,Summer
848,Jin Air Green Wings,18,Summer
849,Kingzone DragonX,18,Summer
850,KT Rolster,18,Summer
851,MVP,18,Summer
852,SK Telecom T1,18,Summer
853,Afreeca Freecs,19,Spring
854,DWG KIA,19,Spring
855,Gen.G,19,Spring
856,Griffin,19,Spring
857,Hanwha Life Esports,19,Spring
858,Jin Air Green Wings,19,Spring
859,Kingzone DragonX,19,Spring
860,KT Rolster,19,Spring
861,Liiv SANDBOX,19,Spring
862,SK Telecom T1,19,Spring
863,Afreeca Freecs,19,Summer
864,DWG KIA,19,Summer
865,Gen.G,19,Summer
866,Griffin,19,Summer
867,Hanwha Life Esports,19,Summer
868,Jin Air Green Wings,19,Summer
869,Kingzone DragonX,19,Summer
870,KT Rolster,19,Summer
871,Liiv SANDBOX,19,Summer
872,SK Telecom T1,19,Summer
873,Afreeca Freecs,20,Spring
874,DRX,20,Spring
875,DWG KIA,20,Spring
876,Gen.G,20,Spring
877,Griffin,20,Spring
878,Hanwha Life Esports,20,Spring
879,KT Rolster,20,Spring
880,Liiv SANDBOX,20,Spring
881,SeolHaeOne Prince,20,Spring
882,T1,20,Spring
883,Afreeca Freecs,20,Summer
884,DRX,20,Summer
885,DWG KIA,20,Summer
886,Gen.G,20,Summer
887,Hanwha Life Esports,20,Summer
888,KT Rolster,20,Summer
889,Liiv SANDBOX,20,Summer
890,SeolHaeOne Prince,20,Summer
891,T1,20,Summer
892,Team Dynamics,20,Summer
893,Afreeca Freecs,21,Spring
894,DRX,21,Spring
895,DWG KIA,21,Spring
896,Fredit BRION,21,Spring
897,Gen.G,21,Spring
898,Hanwha Life Esports,21,Spring
899,KT Rolster,21,Spring
900,Liiv SANDBOX,21,Spring
901,Nongshim RedForce,21,Spring
902,T1,21,Spring
903,CJ Entus,15,Spring
904,Incredible Miracle,15,Spring
905,Jin Air Green Wings,15,Spring
906,KT Rolster,15,Spring
907,NaJin e-mFire,15,Spring
908,ROX Tigers,15,Spring
909,Samsung Galaxy,15,Spring
910,SK Telecom T1,15,Spring
911,CJ Entus,15,Summer
912,Incredible Miracle,15,Summer
913,Jin Air Green Wings,15,Summer
914,KT Rolster,15,Summer
915,NaJin e-mFire,15,Summer
916,Rebels Anarchy,15,Summer
917,ROX Tigers,15,Summer
918,Samsung Galaxy,15,Summer
919,SBENU Korea,15,Summer
920,SK Telecom T1,15,Summer
921,Afreeca Freecs,16,Spring
922,CJ Entus,16,Spring
923,e-mFire,16,Spring
924,Jin Air Green Wings,16,Spring
925,Kongdoo Monster,16,Spring
926,KT Rolster,16,Spring
927,Longzhu Gaming,16,Spring
928,ROX Tigers,16,Spring
929,Samsung Galaxy,16,Spring
930,SBENU Korea,16,Spring
931,SK Telecom T1,16,Spring
932,Afreeca Freecs,16,Summer
933,CJ Entus,16,Summer
934,ESC Ever,16,Summer
935,Jin Air Green Wings,16,Summer
936,KT Rolster,16,Summer
937,Longzhu Gaming,16,Summer
938,MVP,16,Summer
939,ROX Tigers,16,Summer
940,Samsung Galaxy,16,Summer
941,SK Telecom T1,16,Summer
942,Afreeca Freecs,17,Spring
943,bbq Olivers,17,Spring
944,Jin Air Green Wings,17,Spring
945,Kongdoo Monster,17,Spring
946,KT Rolster,17,Spring
947,Longzhu Gaming,17,Spring
948,MVP,17,Spring
949,ROX Tigers,17,Spring
950,Samsung Galaxy,17,Spring
951,SK Telecom T1,17,Spring
952,Afreeca Freecs,17,Summer
953,bbq Olivers,17,Summer
954,Ever8 Winners,17,Summer
955,Jin Air Green Wings,17,Summer
956,KT Rolster,17,Summer
957,Longzhu Gaming,17,Summer
958,MVP,17,Summer
959,ROX Tigers,17,Summer
960,Samsung Galaxy,17,Summer
961,SK Telecom T1,17,Summer
962,Afreeca Freecs,18,Spring
963,bbq Olivers,18,Spring
964,Jin Air Green Wings,18,Spring
965,Kingzone DragonX,18,Spring
966,Kongdoo Monster,18,Spring
967,KSV eSports,18,Spring
968,KT Rolster,18,Spring
969,MVP,18,Spring
970,ROX Tigers,18,Spring
971,SK Telecom T1,18,Spring
972,Afreeca Freecs,18,Summer
973,bbq Olivers,18,Summer
974,Gen.G,18,Summer
975,Griffin,18,Summer
976,Hanwha Life Esports,18,Summer
977,Jin Air Green Wings,18,Summer
978,Kingzone DragonX,18,Summer
979,KT Rolster,18,Summer
980,MVP,18,Summer
981,SK Telecom T1,18,Summer
982,Afreeca Freecs,19,Spring
983,DWG KIA,19,Spring
984,Gen.G,19,Spring
985,Griffin,19,Spring
986,Hanwha Life Esports,19,Spring
987,Jin Air Green Wings,19,Spring
988,Kingzone DragonX,19,Spring
989,KT Rolster,19,Spring
990,Liiv SANDBOX,19,Spring
991,SK Telecom T1,19,Spring
992,Afreeca Freecs,19,Summer
993,DWG KIA,19,Summer
994,Gen.G,19,Summer
995,Griffin,19,Summer
996,Hanwha Life Esports,19,Summer
997,Jin Air Green Wings,19,Summer
998,Kingzone DragonX,19,Summer
999,KT Rolster,19,Summer
1000,Liiv SANDBOX,19,Summer
1001,SK Telecom T1,19,Summer
1002,Afreeca Freecs,20,Spring
1003,DRX,20,Spring
1004,DWG KIA,20,Spring
1005,Gen.G,20,Spring
1006,Griffin,20,Spring
1007,Hanwha Life Esports,20,Spring
1008,KT Rolster,20,Spring
1009,Liiv SANDBOX,20,Spring
1010,SeolHaeOne Prince,20,Spring
1011,T1,20,Spring
1012,Afreeca Freecs,20,Summer
1013,DRX,20,Summer
1014,DWG KIA,20,Summer
1015,Gen.G,20,Summer
1016,Hanwha Life Esports,20,Summer
1017,KT Rolster,20,Summer
1018,Liiv SANDBOX,20,Summer
1019,SeolHaeOne Prince,20,Summer
1020,T1,20,Summer
1021,Team Dynamics,20,Summer
1022,Afreeca Freecs,21,Spring
1023,DRX,21,Spring
1024,DWG KIA,21,Spring
1025,Fredit BRION,21,Spring
1026,Gen.G,21,Spring
1027,Hanwha Life Esports,21,Spring
1028,KT Rolster,21,Spring
1029,Liiv SANDBOX,21,Spring
1030,Nongshim RedForce,21,Spring
1031,T1,21,Spring
1032,CJ Entus,15,Spring
1033,Incredible Miracle,15,Spring
1034,Jin Air Green Wings,15,Spring
1035,KT Rolster,15,Spring
1036,NaJin e-mFire,15,Spring
1037,ROX Tigers,15,Spring
1038,Samsung Galaxy,15,Spring
1039,SK Telecom T1,15,Spring
1040,CJ Entus,15,Summer
1041,Incredible Miracle,15,Summer
1042,Jin Air Green Wings,15,Summer
1043,KT Rolster,15,Summer
1044,NaJin e-mFire,15,Summer
1045,Rebels Anarchy,15,Summer
1046,ROX Tigers,15,Summer
1047,Samsung Galaxy,15,Summer
1048,SBENU Korea,15,Summer
1049,SK Telecom T1,15,Summer
1050,Afreeca Freecs,16,Spring
1051,CJ Entus,16,Spring
1052,e-mFire,16,Spring
1053,Jin Air Green Wings,16,Spring
1054,Kongdoo Monster,16,Spring
1055,KT Rolster,16,Spring
1056,Longzhu Gaming,16,Spring
1057,ROX Tigers,16,Spring
1058,Samsung Galaxy,16,Spring
1059,SBENU Korea,16,Spring
1060,SK Telecom T1,16,Spring
1061,Afreeca Freecs,16,Summer
1062,CJ Entus,16,Summer
1063,ESC Ever,16,Summer
1064,Jin Air Green Wings,16,Summer
1065,KT Rolster,16,Summer
1066,Longzhu Gaming,16,Summer
1067,MVP,16,Summer
1068,ROX Tigers,16,Summer
1069,Samsung Galaxy,16,Summer
1070,SK Telecom T1,16,Summer
1071,Afreeca Freecs,17,Spring
1072,bbq Olivers,17,Spring
1073,Jin Air Green Wings,17,Spring
1074,Kongdoo Monster,17,Spring
1075,KT Rolster,17,Spring
1076,Longzhu Gaming,17,Spring
1077,MVP,17,Spring
1078,ROX Tigers,17,Spring
1079,Samsung Galaxy,17,Spring
1080,SK Telecom T1,17,Spring
1081,Afreeca Freecs,17,Summer
1082,bbq Olivers,17,Summer
1083,Ever8 Winners,17,Summer
1084,Jin Air Green Wings,17,Summer
1085,KT Rolster,17,Summer
1086,Longzhu Gaming,17,Summer
1087,MVP,17,Summer
1088,ROX Tigers,17,Summer
1089,Samsung Galaxy,17,Summer
1090,SK Telecom T1,17,Summer
1091,Afreeca Freecs,18,Spring
1092,bbq Olivers,18,Spring
1093,Jin Air Green Wings,18,Spring
1094,Kingzone DragonX,18,Spring
1095,Kongdoo Monster,18,Spring
1096,KSV eSports,18,Spring
1097,KT Rolster,18,Spring
1098,MVP,18,Spring
1099,ROX Tigers,18,Spring
1100,SK Telecom T1,18,Spring
1101,Afreeca Freecs,18,Summer
1102,bbq Olivers,18,Summer
1103,Gen.G,18,Summer
1104,Griffin,18,Summer
1105,Hanwha Life Esports,18,Summer
1106,Jin Air Green Wings,18,Summer
1107,Kingzone DragonX,18,Summer
1108,KT Rolster,18,Summer
1109,MVP,18,Summer
1110,SK Telecom T1,18,Summer
1111,Afreeca Freecs,19,Spring
1112,DWG KIA,19,Spring
1113,Gen.G,19,Spring
1114,Griffin,19,Spring
1115,Hanwha Life Esports,19,Spring
1116,Jin Air Green Wings,19,Spring
1117,Kingzone DragonX,19,Spring
1118,KT Rolster,19,Spring
1119,Liiv SANDBOX,19,Spring
1120,SK Telecom T1,19,Spring
1121,Afreeca Freecs,19,Summer
1122,DWG KIA,19,Summer
1123,Gen.G,19,Summer
1124,Griffin,19,Summer
1125,Hanwha Life Esports,19,Summer
1126,Jin Air Green Wings,19,Summer
1127,Kingzone DragonX,19,Summer
1128,KT Rolster,19,Summer
1129,Liiv SANDBOX,19,Summer
1130,SK Telecom T1,19,Summer
1131,Afreeca Freecs,20,Spring
1132,DRX,20,Spring
1133,DWG KIA,20,Spring
1134,Gen.G,20,Spring
1135,Griffin,20,Spring
1136,Hanwha Life Esports,20,Spring
1137,KT Rolster,20,Spring
1138,Liiv SANDBOX,20,Spring
1139,SeolHaeOne Prince,20,Spring
1140,T1,20,Spring
1141,Afreeca Freecs,20,Summer
1142,DRX,20,Summer
1143,DWG KIA,20,Summer
1144,Gen.G,20,Summer
1145,Hanwha Life Esports,20,Summer
1146,KT Rolster,20,Summer
1147,Liiv SANDBOX,20,Summer
1148,SeolHaeOne Prince,20,Summer
1149,T1,20,Summer
1150,Team Dynamics,20,Summer
1151,Afreeca Freecs,21,Spring
1152,DRX,21,Spring
1153,DWG KIA,21,Spring
1154,Fredit BRION,21,Spring
1155,Gen.G,21,Spring
1156,Hanwha Life Esports,21,Spring
1157,KT Rolster,21,Spring
1158,Liiv SANDBOX,21,Spring
1159,Nongshim RedForce,21,Spring
1160,T1,21,Spring
1161,CJ Entus,15,Spring
1162,Incredible Miracle,15,Spring
1163,Jin Air Green Wings,15,Spring
1164,KT Rolster,15,Spring
1165,NaJin e-mFire,15,Spring
1166,ROX Tigers,15,Spring
1167,Samsung Galaxy,15,Spring
1168,SK Telecom T1,15,Spring
1169,CJ Entus,15,Summer
1170,Incredible Miracle,15,Summer
1171,Jin Air Green Wings,15,Summer
1172,KT Rolster,15,Summer
1173,NaJin e-mFire,15,Summer
1174,Rebels Anarchy,15,Summer
1175,ROX Tigers,15,Summer
1176,Samsung Galaxy,15,Summer
1177,SBENU Korea,15,Summer
1178,SK Telecom T1,15,Summer
1179,Afreeca Freecs,16,Spring
1180,CJ Entus,16,Spring
1181,e-mFire,16,Spring
1182,Jin Air Green Wings,16,Spring
1183,Kongdoo Monster,16,Spring
1184,KT Rolster,16,Spring
1185,Longzhu Gaming,16,Spring
1186,ROX Tigers,16,Spring
1187,Samsung Galaxy,16,Spring
1188,SBENU Korea,16,Spring
1189,SK Telecom T1,16,Spring
1190,Afreeca Freecs,16,Summer
1191,CJ Entus,16,Summer
1192,ESC Ever,16,Summer
1193,Jin Air Green Wings,16,Summer
1194,KT Rolster,16,Summer
1195,Longzhu Gaming,16,Summer
1196,MVP,16,Summer
1197,ROX Tigers,16,Summer
1198,Samsung Galaxy,16,Summer
1199,SK Telecom T1,16,Summer
1200,Afreeca Freecs,17,Spring
1201,bbq Olivers,17,Spring
1202,Jin Air Green Wings,17,Spring
1203,Kongdoo Monster,17,Spring
1204,KT Rolster,17,Spring
1205,Longzhu Gaming,17,Spring
1206,MVP,17,Spring
1207,ROX Tigers,17,Spring
1208,Samsung Galaxy,17,Spring
1209,SK Telecom T1,17,Spring
1210,Afreeca Freecs,17,Summer
1211,bbq Olivers,17,Summer
1212,Ever8 Winners,17,Summer
1213,Jin Air Green Wings,17,Summer
1214,KT Rolster,17,Summer
1215,Longzhu Gaming,17,Summer
1216,MVP,17,Summer
1217,ROX Tigers,17,Summer
1218,Samsung Galaxy,17,Summer
1219,SK Telecom T1,17,Summer
1220,Afreeca Freecs,18,Spring
1221,bbq Olivers,18,Spring
1222,Jin Air Green Wings,18,Spring
1223,Kingzone DragonX,18,Spring
1224,Kongdoo Monster,18,Spring
1225,KSV eSports,18,Spring
1226,KT Rolster,18,Spring
1227,MVP,18,Spring
1228,ROX Tigers,18,Spring
1229,SK Telecom T1,18,Spring
1230,Afreeca Freecs,18,Summer
1231,bbq Olivers,18,Summer
1232,Gen.G,18,Summer
1233,Griffin,18,Summer
1234,Hanwha Life Esports,18,Summer
1235,Jin Air Green Wings,18,Summer
1236,Kingzone DragonX,18,Summer
1237,KT Rolster,18,Summer
1238,MVP,18,Summer
1239,SK Telecom T1,18,Summer
1240,Afreeca Freecs,19,Spring
1241,DWG KIA,19,Spring
1242,Gen.G,19,Spring
1243,Griffin,19,Spring
1244,Hanwha Life Esports,19,Spring
1245,Jin Air Green Wings,19,Spring
1246,Kingzone DragonX,19,Spring
1247,KT Rolster,19,Spring
1248,Liiv SANDBOX,19,Spring
1249,SK Telecom T1,19,Spring
1250,Afreeca Freecs,19,Summer
1251,DWG KIA,19,Summer
1252,Gen.G,19,Summer
1253,Griffin,19,Summer
1254,Hanwha Life Esports,19,Summer
1255,Jin Air Green Wings,19,Summer
1256,Kingzone DragonX,19,Summer
1257,KT Rolster,19,Summer
1258,Liiv SANDBOX,19,Summer
1259,SK Telecom T1,19,Summer
1260,Afreeca Freecs,20,Spring
1261,DRX,20,Spring
1262,DWG KIA,20,Spring
1263,Gen.G,20,Spring
1264,Griffin,20,Spring
1265,Hanwha Life Esports,20,Spring
1266,KT Rolster,20,Spring
1267,Liiv SANDBOX,20,Spring
1268,SeolHaeOne Prince,20,Spring
1269,T1,20,Spring
1270,Afreeca Freecs,20,Summer
1271,DRX,20,Summer
1272,DWG KIA,20,Summer
1273,Gen.G,20,Summer
1274,Hanwha Life Esports,20,Summer
1275,KT Rolster,20,Summer
1276,Liiv SANDBOX,20,Summer
1277,SeolHaeOne Prince,20,Summer
1278,T1,20,Summer
1279,Team Dynamics,20,Summer
1280,Afreeca Freecs,21,Spring
1281,DRX,21,Spring
1282,DWG KIA,21,Spring
1283,Fredit BRION,21,Spring
1284,Gen.G,21,Spring
1285,Hanwha Life Esports,21,Spring
1286,KT Rolster,21,Spring
1287,Liiv SANDBOX,21,Spring
1288,Nongshim RedForce,21,Spring
1289,T1,21,Spring
1290,CJ Entus,15,Spring
1291,Incredible Miracle,15,Spring
1292,Jin Air Green Wings,15,Spring
1293,KT Rolster,15,Spring
1294,NaJin e-mFire,15,Spring
1295,ROX Tigers,15,Spring
1296,Samsung Galaxy,15,Spring
1297,SK Telecom T1,15,Spring
1298,CJ Entus,15,Summer
1299,Incredible Miracle,15,Summer
1300,Jin Air Green Wings,15,Summer
1301,KT Rolster,15,Summer
1302,NaJin e-mFire,15,Summer
1303,Rebels Anarchy,15,Summer
1304,ROX Tigers,15,Summer
1305,Samsung Galaxy,15,Summer
1306,SBENU Korea,15,Summer
1307,SK Telecom T1,15,Summer
1308,Afreeca Freecs,16,Spring
1309,CJ Entus,16,Spring
1310,e-mFire,16,Spring
1311,Jin Air Green Wings,16,Spring
1312,Kongdoo Monster,16,Spring
1313,KT Rolster,16,Spring
1314,Longzhu Gaming,16,Spring
1315,ROX Tigers,16,Spring
1316,Samsung Galaxy,16,Spring
1317,SBENU Korea,16,Spring
1318,SK Telecom T1,16,Spring
1319,Afreeca Freecs,16,Summer
1320,CJ Entus,16,Summer
1321,ESC Ever,16,Summer
1322,Jin Air Green Wings,16,Summer
1323,KT Rolster,16,Summer
1324,Longzhu Gaming,16,Summer
1325,MVP,16,Summer
1326,ROX Tigers,16,Summer
1327,Samsung Galaxy,16,Summer
1328,SK Telecom T1,16,Summer
1329,Afreeca Freecs,17,Spring
1330,bbq Olivers,17,Spring
1331,Jin Air Green Wings,17,Spring
1332,Kongdoo Monster,17,Spring
1333,KT Rolster,17,Spring
1334,Longzhu Gaming,17,Spring
1335,MVP,17,Spring
1336,ROX Tigers,17,Spring
1337,Samsung Galaxy,17,Spring
1338,SK Telecom T1,17,Spring
1339,Afreeca Freecs,17,Summer
1340,bbq Olivers,17,Summer
1341,Ever8 Winners,17,Summer
1342,Jin Air Green Wings,17,Summer
1343,KT Rolster,17,Summer
1344,Longzhu Gaming,17,Summer
1345,MVP,17,Summer
1346,ROX Tigers,17,Summer
1347,Samsung Galaxy,17,Summer
1348,SK Telecom T1,17,Summer
1349,Afreeca Freecs,18,Spring
1350,bbq Olivers,18,Spring
1351,Jin Air Green Wings,18,Spring
1352,Kingzone DragonX,18,Spring
1353,Kongdoo Monster,18,Spring
1354,KSV eSports,18,Spring
1355,KT Rolster,18,Spring
1356,MVP,18,Spring
1357,ROX Tigers,18,Spring
1358,SK Telecom T1,18,Spring
1359,Afreeca Freecs,18,Summer
1360,bbq Olivers,18,Summer
1361,Gen.G,18,Summer
1362,Griffin,18,Summer
1363,Hanwha Life Esports,18,Summer
1364,Jin Air Green Wings,18,Summer
1365,Kingzone DragonX,18,Summer
1366,KT Rolster,18,Summer
1367,MVP,18,Summer
1368,SK Telecom T1,18,Summer
1369,Afreeca Freecs,19,Spring
1370,DWG KIA,19,Spring
1371,Gen.G,19,Spring
1372,Griffin,19,Spring
1373,Hanwha Life Esports,19,Spring
1374,Jin Air Green Wings,19,Spring
1375,Kingzone DragonX,19,Spring
1376,KT Rolster,19,Spring
1377,Liiv SANDBOX,19,Spring
1378,SK Telecom T1,19,Spring
1379,Afreeca Freecs,19,Summer
1380,DWG KIA,19,Summer
1381,Gen.G,19,Summer
1382,Griffin,19,Summer
1383,Hanwha Life Esports,19,Summer
1384,Jin Air Green Wings,19,Summer
1385,Kingzone DragonX,19,Summer
1386,KT Rolster,19,Summer
1387,Liiv SANDBOX,19,Summer
1388,SK Telecom T1,19,Summer
1389,Afreeca Freecs,20,Spring
1390,DRX,20,Spring
1391,DWG KIA,20,Spring
1392,Gen.G,20,Spring
1393,Griffin,20,Spring
1394,Hanwha Life Esports,20,Spring
1395,KT Rolster,20,Spring
1396,Liiv SANDBOX,20,Spring
1397,SeolHaeOne Prince,20,Spring
1398,T1,20,Spring
1399,Afreeca Freecs,20,Summer
1400,DRX,20,Summer
1401,DWG KIA,20,Summer
1402,Gen.G,20,Summer
1403,Hanwha Life Esports,20,Summer
1404,KT Rolster,20,Summer
1405,Liiv SANDBOX,20,Summer
1406,SeolHaeOne Prince,20,Summer
1407,T1,20,Summer
1408,Team Dynamics,20,Summer
1409,Afreeca Freecs,21,Spring
1410,DRX,21,Spring
1411,DWG KIA,21,Spring
1412,Fredit BRION,21,Spring
1413,Gen.G,21,Spring
1414,Hanwha Life Esports,21,Spring
1415,KT Rolster,21,Spring
1416,Liiv SANDBOX,21,Spring
1417,Nongshim RedForce,21,Spring
1418,T1,21,Spring
1419,CJ Entus,15,Spring
1420,Incredible Miracle,15,Spring
1421,Jin Air Green Wings,15,Spring
1422,KT Rolster,15,Spring
1423,NaJin e-mFire,15,Spring
1424,ROX Tigers,15,Spring
1425,Samsung Galaxy,15,Spring
1426,SK Telecom T1,15,Spring
1427,CJ Entus,15,Summer
1428,Incredible Miracle,15,Summer
1429,Jin Air Green Wings,15,Summer
1430,KT Rolster,15,Summer
1431,NaJin e-mFire,15,Summer
1432,Rebels Anarchy,15,Summer
1433,ROX Tigers,15,Summer
1434,Samsung Galaxy,15,Summer
1435,SBENU Korea,15,Summer
1436,SK Telecom T1,15,Summer
1437,Afreeca Freecs,16,Spring
1438,CJ Entus,16,Spring
1439,e-mFire,16,Spring
1440,Jin Air Green Wings,16,Spring
1441,Kongdoo Monster,16,Spring
1442,KT Rolster,16,Spring
1443,Longzhu Gaming,16,Spring
1444,ROX Tigers,16,Spring
1445,Samsung Galaxy,16,Spring
1446,SBENU Korea,16,Spring
1447,SK Telecom T1,16,Spring
1448,Afreeca Freecs,16,Summer
1449,CJ Entus,16,Summer
1450,ESC Ever,16,Summer
1451,Jin Air Green Wings,16,Summer
1452,KT Rolster,16,Summer
1453,Longzhu Gaming,16,Summer
1454,MVP,16,Summer
1455,ROX Tigers,16,Summer
1456,Samsung Galaxy,16,Summer
1457,SK Telecom T1,16,Summer
1458,Afreeca Freecs,17,Spring
1459,bbq Olivers,17,Spring
1460,Jin Air Green Wings,17,Spring
1461,Kongdoo Monster,17,Spring
1462,KT Rolster,17,Spring
1463,Longzhu Gaming,17,Spring
1464,MVP,17,Spring
1465,ROX Tigers,17,Spring
1466,Samsung Galaxy,17,Spring
1467,SK Telecom T1,17,Spring
1468,Afreeca Freecs,17,Summer
1469,bbq Olivers,17,Summer
1470,Ever8 Winners,17,Summer
1471,Jin Air Green Wings,17,Summer
1472,KT Rolster,17,Summer
1473,Longzhu Gaming,17,Summer
1474,MVP,17,Summer
1475,ROX Tigers,17,Summer
1476,Samsung Galaxy,17,Summer
1477,SK Telecom T1,17,Summer
1478,Afreeca Freecs,18,Spring
1479,bbq Olivers,18,Spring
1480,Jin Air Green Wings,18,Spring
1481,Kingzone DragonX,18,Spring
1482,Kongdoo Monster,18,Spring
1483,KSV eSports,18,Spring
1484,KT Rolster,18,Spring
1485,MVP,18,Spring
1486,ROX Tigers,18,Spring
1487,SK Telecom T1,18,Spring
1488,Afreeca Freecs,18,Summer
1489,bbq Olivers,18,Summer
1490,Gen.G,18,Summer
1491,Griffin,18,Summer
1492,Hanwha Life Esports,18,Summer
1493,Jin Air Green Wings,18,Summer
1494,Kingzone DragonX,18,Summer
1495,KT Rolster,18,Summer
1496,MVP,18,Summer
1497,SK Telecom T1,18,Summer
1498,Afreeca Freecs,19,Spring
1499,DWG KIA,19,Spring
1500,Gen.G,19,Spring
1501,Griffin,19,Spring
1502,Hanwha Life Esports,19,Spring
1503,Jin Air Green Wings,19,Spring
1504,Kingzone DragonX,19,Spring
1505,KT Rolster,19,Spring
1506,Liiv SANDBOX,19,Spring
1507,SK Telecom T1,19,Spring
1508,Afreeca Freecs,19,Summer
1509,DWG KIA,19,Summer
1510,Gen.G,19,Summer
1511,Griffin,19,Summer
1512,Hanwha Life Esports,19,Summer
1513,Jin Air Green Wings,19,Summer
1514,Kingzone DragonX,19,Summer
1515,KT Rolster,19,Summer
1516,Liiv SANDBOX,19,Summer
1517,SK Telecom T1,19,Summer
1518,Afreeca Freecs,20,Spring
1519,DRX,20,Spring
1520,DWG KIA,20,Spring
1521,Gen.G,20,Spring
1522,Griffin,20,Spring
1523,Hanwha Life Esports,20,Spring
1524,KT Rolster,20,Spring
1525,Liiv SANDBOX,20,Spring
1526,SeolHaeOne Prince,20,Spring
1527,T1,20,Spring
1528,Afreeca Freecs,20,Summer
1529,DRX,20,Summer
1530,DWG KIA,20,Summer
1531,Gen.G,20,Summer
1532,Hanwha Life Esports,20,Summer
1533,KT Rolster,20,Summer
1534,Liiv SANDBOX,20,Summer
1535,SeolHaeOne Prince,20,Summer
1536,T1,20,Summer
1537,Team Dynamics,20,Summer
1538,Afreeca Freecs,21,Spring
1539,DRX,21,Spring
1540,DWG KIA,21,Spring
1541,Fredit BRION,21,Spring
1542,Gen.G,21,Spring
1543,Hanwha Life Esports,21,Spring
1544,KT Rolster,21,Spring
1545,Liiv SANDBOX,21,Spring
1546,Nongshim RedForce,21,Spring
1547,T1,21,Spring
1548,CJ Entus,15,Spring
1549,Incredible Miracle,15,Spring
1550,Jin Air Green Wings,15,Spring
1551,KT Rolster,15,Spring
1552,NaJin e-mFire,15,Spring
1553,ROX Tigers,15,Spring
1554,Samsung Galaxy,15,Spring
1555,SK Telecom T1,15,Spring
1556,CJ Entus,15,Summer
1557,Incredible Miracle,15,Summer
1558,Jin Air Green Wings,15,Summer
1559,KT Rolster,15,Summer
1560,NaJin e-mFire,15,Summer
1561,Rebels Anarchy,15,Summer
1562,ROX Tigers,15,Summer
1563,Samsung Galaxy,15,Summer
1564,SBENU Korea,15,Summer
1565,SK Telecom T1,15,Summer
1566,Afreeca Freecs,16,Spring
1567,CJ Entus,16,Spring
1568,e-mFire,16,Spring
1569,Jin Air Green Wings,16,Spring
1570,Kongdoo Monster,16,Spring
1571,KT Rolster,16,Spring
1572,Longzhu Gaming,16,Spring
1573,ROX Tigers,16,Spring
1574,Samsung Galaxy,16,Spring
1575,SBENU Korea,16,Spring
1576,SK Telecom T1,16,Spring
1577,Afreeca Freecs,16,Summer
1578,CJ Entus,16,Summer
1579,ESC Ever,16,Summer
1580,Jin Air Green Wings,16,Summer
1581,KT Rolster,16,Summer
1582,Longzhu Gaming,16,Summer
1583,MVP,16,Summer
1584,ROX Tigers,16,Summer
1585,Samsung Galaxy,16,Summer
1586,SK Telecom T1,16,Summer
1587,Afreeca Freecs,17,Spring
1588,bbq Olivers,17,Spring
1589,Jin Air Green Wings,17,Spring
1590,Kongdoo Monster,17,Spring
1591,KT Rolster,17,Spring
1592,Longzhu Gaming,17,Spring
1593,MVP,17,Spring
1594,ROX Tigers,17,Spring
1595,Samsung Galaxy,17,Spring
1596,SK Telecom T1,17,Spring
1597,Afreeca Freecs,17,Summer
1598,bbq Olivers,17,Summer
1599,Ever8 Winners,17,Summer
1600,Jin Air Green Wings,17,Summer
1601,KT Rolster,17,Summer
1602,Longzhu Gaming,17,Summer
1603,MVP,17,Summer
1604,ROX Tigers,17,Summer
1605,Samsung Galaxy,17,Summer
1606,SK Telecom T1,17,Summer
1607,Afreeca Freecs,18,Spring
1608,bbq Olivers,18,Spring
1609,Jin Air Green Wings,18,Spring
1610,Kingzone DragonX,18,Spring
1611,Kongdoo Monster,18,Spring
1612,KSV eSports,18,Spring
1613,KT Rolster,18,Spring
1614,MVP,18,Spring
1615,ROX Tigers,18,Spring
1616,SK Telecom T1,18,Spring
1617,Afreeca Freecs,18,Summer
1618,bbq Olivers,18,Summer
1619,Gen.G,18,Summer
1620,Griffin,18,Summer
1621,Hanwha Life Esports,18,Summer
1622,Jin Air Green Wings,18,Summer
1623,Kingzone DragonX,18,Summer
1624,KT Rolster,18,Summer
1625,MVP,18,Summer
1626,SK Telecom T1,18,Summer
1627,Afreeca Freecs,19,Spring
1628,DWG KIA,19,Spring
1629,Gen.G,19,Spring
1630,Griffin,19,Spring
1631,Hanwha Life Esports,19,Spring
1632,Jin Air Green Wings,19,Spring
1633,Kingzone DragonX,19,Spring
1634,KT Rolster,19,Spring
1635,Liiv SANDBOX,19,Spring
1636,SK Telecom T1,19,Spring
1637,Afreeca Freecs,19,Summer
1638,DWG KIA,19,Summer
1639,Gen.G,19,Summer
1640,Griffin,19,Summer
1641,Hanwha Life Esports,19,Summer
1642,Jin Air Green Wings,19,Summer
1643,Kingzone DragonX,19,Summer
1644,KT Rolster,19,Summer
1645,Liiv SANDBOX,19,Summer
1646,SK Telecom T1,19,Summer
1647,Afreeca Freecs,20,Spring
1648,DRX,20,Spring
1649,DWG KIA,20,Spring
1650,Gen.G,20,Spring
1651,Griffin,20,Spring
1652,Hanwha Life Esports,20,Spring
1653,KT Rolster,20,Spring
1654,Liiv SANDBOX,20,Spring
1655,SeolHaeOne Prince,20,Spring
1656,T1,20,Spring
1657,Afreeca Freecs,20,Summer
1658,DRX,20,Summer
1659,DWG KIA,20,Summer
1660,Gen.G,20,Summer
1661,Hanwha Life Esports,20,Summer
1662,KT Rolster,20,Summer
1663,Liiv SANDBOX,20,Summer
1664,SeolHaeOne Prince,20,Summer
1665,T1,20,Summer
1666,Team Dynamics,20,Summer
1667,Afreeca Freecs,21,Spring
1668,DRX,21,Spring
1669,DWG KIA,21,Spring
1670,Fredit BRION,21,Spring
1671,Gen.G,21,Spring
1672,Hanwha Life Esports,21,Spring
1673,KT Rolster,21,Spring
1674,Liiv SANDBOX,21,Spring
1675,Nongshim RedForce,21,Spring
1676,T1,21,Spring
1677,CJ Entus,15,Spring
1678,Incredible Miracle,15,Spring
1679,Jin Air Green Wings,15,Spring
1680,KT Rolster,15,Spring
1681,NaJin e-mFire,15,Spring
1682,ROX Tigers,15,Spring
1683,Samsung Galaxy,15,Spring
1684,SK Telecom T1,15,Spring
1685,CJ Entus,15,Summer
1686,Incredible Miracle,15,Summer
1687,Jin Air Green Wings,15,Summer
1688,KT Rolster,15,Summer
1689,NaJin e-mFire,15,Summer
1690,Rebels Anarchy,15,Summer
1691,ROX Tigers,15,Summer
1692,Samsung Galaxy,15,Summer
1693,SBENU Korea,15,Summer
1694,SK Telecom T1,15,Summer
1695,Afreeca Freecs,16,Spring
1696,CJ Entus,16,Spring
1697,e-mFire,16,Spring
1698,Jin Air Green Wings,16,Spring
1699,Kongdoo Monster,16,Spring
1700,KT Rolster,16,Spring
1701,Longzhu Gaming,16,Spring
1702,ROX Tigers,16,Spring
1703,Samsung Galaxy,16,Spring
1704,SBENU Korea,16,Spring
1705,SK Telecom T1,16,Spring
1706,Afreeca Freecs,16,Summer
1707,CJ Entus,16,Summer
1708,ESC Ever,16,Summer
1709,Jin Air Green Wings,16,Summer
1710,KT Rolster,16,Summer
1711,Longzhu Gaming,16,Summer
1712,MVP,16,Summer
1713,ROX Tigers,16,Summer
1714,Samsung Galaxy,16,Summer
1715,SK Telecom T1,16,Summer
