Year,Season,Champion,Pos,GP,P+B%,W%
15,Spring,Ahri,Middle,19,23.4,42
15,Spring,Alistar,Support,7,5.5,57
15,Spring,Anivia,Middle,1,1.6,100
15,Spring,Annie,Support,25,27.3,64
15,Spring,Azir,Middle,11,19.5,45
15,Spring,Blitzcrank,Support,1,0.8,100
15,Spring,Braum,Support,7,5.5,14
15,Spring,Caitlyn,ADC,3,2.3,33
15,Spring,Cassiopeia,Middle,10,28.1,50
15,Spring,Cho'Gath,Middle,5,5.5,60
15,Spring,Corki,ADC,79,71.9,49
15,Spring,Diana,Middle,4,3.1,50
15,Spring,Dr. Mundo,Jungle,1,14.8,100
15,Spring,Dr. Mundo,Top,14,14.8,36
15,Spring,Draven,ADC,1,0.8,0
15,Spring,Elise,Jungle,1,1.6,0
15,Spring,Ezreal,ADC,17,33.6,53
15,Spring,Ezreal,Middle,17,33.6,53
15,Spring,Fizz,Middle,3,12.5,33
15,Spring,Fizz,Top,1,12.5,100
15,Spring,Gnar,Top,49,55.5,57
15,Spring,Gragas,Jungle,1,0.8,0
15,Spring,Graves,ADC,15,11.7,47
15,Spring,Hecarim,Top,20,18.0,35
15,Spring,Irelia,Support,2,7.0,0
15,Spring,Irelia,Top,6,7.0,33
15,Spring,Janna,Support,67,72.7,57
15,Spring,Jarvan IV,Jungle,89,76.6,54
15,Spring,Jarvan IV,Middle,2,76.6,50
15,Spring,Jax,Top,1,0.8,100
15,Spring,Jayce,Middle,11,12.5,27
15,Spring,Jayce,Top,1,12.5,0
15,Spring,Jinx,ADC,1,0.8,0
15,Spring,Kalista,ADC,20,46.1,70
15,Spring,Karma,Support,1,0.8,100
15,Spring,Karthus,Middle,7,6.3,57
15,Spring,Kassadin,Middle,25,59.4,40
15,Spring,Kassadin,Top,7,59.4,57
15,Spring,Kayle,Support,1,0.8,0
15,Spring,Kennen,Middle,2,7.8,100
15,Spring,Kennen,Support,4,7.8,50
15,Spring,Kennen,Top,3,7.8,100
15,Spring,Kha'Zix,Jungle,2,1.6,0
15,Spring,Kog'Maw,ADC,21,18.0,33
15,Spring,LeBlanc,Middle,23,89.8,57
15,Spring,Lee Sin,Jungle,66,60.9,39
15,Spring,Leona,Support,18,14.1,44
15,Spring,Lissandra,Middle,20,75.8,65
15,Spring,Lissandra,Top,17,75.8,35
15,Spring,Lucian,ADC,18,14.1,39
15,Spring,Lulu,Middle,18,78.1,39
15,Spring,Lulu,Support,5,78.1,20
15,Spring,Lulu,Top,22,78.1,55
15,Spring,Lux,Middle,1,0.8,0
15,Spring,Malzahar,Middle,1,0.8,100
15,Spring,Maokai,Support,1,49.2,0
15,Spring,Maokai,Top,49,49.2,59
15,Spring,Morgana,Middle,3,32.8,0
15,Spring,Morgana,Support,17,32.8,47
15,Spring,Morgana,Top,6,32.8,50
15,Spring,Nami,Support,28,21.9,39
15,Spring,Nautilus,Jungle,2,8.6,0
15,Spring,Nautilus,Support,8,8.6,88
15,Spring,Nautilus,Top,1,8.6,0
15,Spring,Nidalee,Jungle,12,19.5,42
15,Spring,Nidalee,Top,1,19.5,100
15,Spring,Nunu & Willump,Jungle,14,14.1,50
15,Spring,Orianna,Middle,5,3.9,40
15,Spring,Pantheon,Jungle,3,2.3,67
15,Spring,Rek'Sai,Jungle,32,83.6,56
15,Spring,Rek'Sai,Top,1,83.6,100
15,Spring,Renekton,Top,3,3.1,0
15,Spring,Rengar,Jungle,10,14.8,50
15,Spring,Rengar,Top,1,14.8,0
15,Spring,Rumble,Top,44,68.8,50
15,Spring,Sejuani,Jungle,16,14.8,69
15,Spring,Sejuani,Support,1,14.8,0
15,Spring,Sion,Middle,1,8.6,100
15,Spring,Sion,Top,7,8.6,43
15,Spring,Sivir,ADC,58,49.2,62
15,Spring,Syndra,Middle,3,3.1,33
15,Spring,Syndra,Support,1,3.1,100
15,Spring,Thresh,Support,58,57.0,45
15,Spring,Tristana,ADC,15,11.7,27
15,Spring,Trundle,Top,1,0.8,0
15,Spring,Twisted Fate,Middle,5,7.0,60
15,Spring,Twitch,ADC,3,2.3,0
15,Spring,Udyr,Jungle,1,1.6,100
15,Spring,Urgot,ADC,4,19.5,100
15,Spring,Urgot,Middle,2,19.5,0
15,Spring,Vayne,ADC,1,0.8,0
15,Spring,Veigar,Support,4,21.9,75
15,Spring,Vi,Jungle,6,4.7,67
15,Spring,Viktor,Middle,11,12.5,82
15,Spring,Vladimir,Middle,6,6.3,83
15,Spring,Vladimir,Top,1,6.3,0
15,Spring,Xerath,Middle,35,57.8,46
15,Spring,Yasuo,Middle,1,0.8,0
15,Spring,Zed,Middle,4,7.0,75
15,Summer,Ahri,Middle,18,13.8,50
15,Summer,Alistar,Support,123,86.2,55
15,Summer,Annie,Support,45,46.1,58
15,Summer,Ashe,ADC,3,1.4,100
15,Summer,Azir,Middle,75,69.1,55
15,Summer,Bard,Support,6,6.9,50
15,Summer,Braum,Support,42,23.5,50
15,Summer,Cassiopeia,Middle,38,35.0,55
15,Summer,Corki,ADC,106,49.3,43
15,Summer,Dr. Mundo,Top,4,2.3,25
15,Summer,Draven,ADC,2,0.9,0
15,Summer,Ekko,Jungle,19,13.4,53
15,Summer,Ekko,Middle,5,13.4,40
15,Summer,Elise,Jungle,11,12.0,82
15,Summer,Evelynn,Jungle,72,45.6,49
15,Summer,Ezreal,ADC,11,23.5,55
15,Summer,Ezreal,Middle,19,23.5,58
15,Summer,Fizz,Jungle,3,17.1,0
15,Summer,Fizz,Middle,5,17.1,40
15,Summer,Fizz,Top,21,17.1,57
15,Summer,Galio,Top,1,0.5,0
15,Summer,Gnar,Top,54,32.7,37
15,Summer,Gragas,Jungle,92,91.2,47
15,Summer,Gragas,Top,2,91.2,0
15,Summer,Graves,ADC,2,1.4,50
15,Summer,Hecarim,Top,47,28.6,43
15,Summer,Irelia,Middle,3,3.2,67
15,Summer,Irelia,Top,3,3.2,67
15,Summer,Janna,Support,56,26.7,45
15,Summer,Jarvan IV,Jungle,6,4.1,33
15,Summer,Jarvan IV,Middle,1,4.1,100
15,Summer,Jax,Top,2,0.9,50
15,Summer,Jayce,Middle,5,2.8,40
15,Summer,Jinx,ADC,15,6.9,33
15,Summer,Kalista,ADC,21,99.5,57
15,Summer,Karma,Middle,1,1.8,0
15,Summer,Karma,Support,2,1.8,50
15,Summer,Karma,Top,1,1.8,0
15,Summer,Kassadin,Middle,14,6.9,64
15,Summer,Kassadin,Top,1,6.9,0
15,Summer,Kayle,Middle,1,0.5,0
15,Summer,Kennen,Support,11,6.5,64
15,Summer,Kennen,Top,1,6.5,0
15,Summer,Kog'Maw,ADC,40,23.0,55
15,Summer,Kog'Maw,Middle,1,23.0,100
15,Summer,LeBlanc,Middle,20,35.5,40
15,Summer,Lee Sin,Jungle,37,17.5,43
15,Summer,Leona,Support,4,1.8,75
15,Summer,Lissandra,Middle,1,0.5,100
15,Summer,Lucian,ADC,50,24.4,52
15,Summer,Lulu,Middle,25,18.9,36
15,Summer,Lulu,Support,1,18.9,0
15,Summer,Lulu,Top,2,18.9,50
15,Summer,Lux,Middle,1,0.5,0
15,Summer,Maokai,Top,122,73.3,58
15,Summer,Master Yi,Middle,2,0.9,100
15,Summer,Morgana,Middle,1,3.7,0
15,Summer,Morgana,Support,6,3.7,33
15,Summer,Morgana,Top,1,3.7,100
15,Summer,Nami,Support,1,0.5,0
15,Summer,Nautilus,Support,56,31.3,45
15,Summer,Nautilus,Top,5,31.3,60
15,Summer,Nidalee,Jungle,28,24.9,46
15,Summer,Nunu & Willump,Jungle,13,7.8,77
15,Summer,Nunu & Willump,Support,1,7.8,0
15,Summer,Nunu & Willump,Top,1,7.8,100
15,Summer,Olaf,Jungle,2,2.3,100
15,Summer,Olaf,Top,2,2.3,50
15,Summer,Orianna,Middle,11,5.1,45
15,Summer,Rek'Sai,Jungle,123,84.8,51
15,Summer,Rek'Sai,Top,3,84.8,0
15,Summer,Renekton,Top,2,0.9,0
15,Summer,Rengar,Jungle,4,1.8,50
15,Summer,Riven,Top,9,6.0,67
15,Summer,Rumble,Top,94,61.3,51
15,Summer,Ryze,Middle,4,72.4,75
15,Summer,Ryze,Top,18,72.4,50
15,Summer,Sejuani,Jungle,23,18.9,48
15,Summer,Shen,Support,1,18.4,100
15,Summer,Shen,Top,28,18.4,54
15,Summer,Shyvana,Top,5,3.7,40
15,Summer,Sivir,ADC,118,65.0,56
15,Summer,Thresh,Support,77,48.8,45
15,Summer,Tristana,ADC,12,6.0,25
15,Summer,Trundle,Jungle,1,0.5,100
15,Summer,Twisted Fate,Middle,25,25.3,64
15,Summer,Twitch,ADC,1,0.5,0
15,Summer,Urgot,ADC,5,3.7,60
15,Summer,Urgot,Middle,1,3.7,0
15,Summer,Varus,ADC,1,17.5,0
15,Summer,Varus,Middle,23,17.5,48
15,Summer,Vayne,ADC,47,28.6,51
15,Summer,Veigar,Support,2,0.9,0
15,Summer,Vel'Koz,Middle,2,0.9,0
15,Summer,Viktor,Middle,104,65.0,47
15,Summer,Vladimir,Middle,6,4.6,33
15,Summer,Vladimir,Top,3,4.6,33
15,Summer,Xerath,Middle,2,0.9,0
15,Summer,Yasuo,Middle,9,7.8,56
15,Summer,Yasuo,Top,2,7.8,100
15,Summer,Zed,Middle,8,19.4,63
15,Summer,Ziggs,Middle,3,1.4,0
16,Spring,Ahri,Middle,4,1.9,25
16,Spring,Alistar,Support,156,90.2,48
16,Spring,Anivia,Middle,1,0.5,0
16,Spring,Ashe,ADC,19,9.8,53
16,Spring,Azir,Middle,36,31.2,47
16,Spring,Bard,Support,35,27.4,46
16,Spring,Braum,Support,83,40.0,45
16,Spring,Caitlyn,ADC,6,4.2,50
16,Spring,Cassiopeia,Middle,7,3.7,43
16,Spring,Corki,ADC,50,87.9,54
16,Spring,Corki,Middle,44,87.9,57
16,Spring,Dr. Mundo,Jungle,1,0.5,0
16,Spring,Draven,ADC,1,0.5,0
16,Spring,Ekko,Middle,1,11.2,0
16,Spring,Ekko,Top,14,11.2,50
16,Spring,Elise,Jungle,117,59.1,50
16,Spring,Evelynn,Jungle,1,0.5,0
16,Spring,Ezreal,ADC,47,23.7,40
16,Spring,Ezreal,Middle,3,23.7,0
16,Spring,Fiora,Top,39,40.0,49
16,Spring,Fizz,Middle,1,0.5,100
16,Spring,Gangplank,Middle,10,71.6,40
16,Spring,Gangplank,Top,43,71.6,49
16,Spring,Gnar,Top,19,8.8,58
16,Spring,Gragas,Jungle,35,23.3,46
16,Spring,Gragas,Top,9,23.3,78
16,Spring,Graves,Jungle,77,52.1,57
16,Spring,Graves,Top,6,52.1,67
16,Spring,Hecarim,Top,1,0.5,0
16,Spring,Janna,Support,1,0.5,100
16,Spring,Jarvan IV,Middle,2,0.9,100
16,Spring,Jayce,Middle,6,5.6,33
16,Spring,Jayce,Top,1,5.6,100
16,Spring,Jhin,ADC,10,7.0,40
16,Spring,Jinx,ADC,2,0.9,0
16,Spring,Kalista,ADC,89,89.3,54
16,Spring,Karma,Middle,5,2.3,40
16,Spring,Kassadin,Middle,4,1.9,75
16,Spring,Kennen,Support,2,3.3,50
16,Spring,Kennen,Top,5,3.3,100
16,Spring,Kha'Zix,Jungle,1,0.5,0
16,Spring,Kindred,Jungle,63,42.3,38
16,Spring,Kindred,Middle,1,42.3,0
16,Spring,Kog'Maw,ADC,9,12.6,56
16,Spring,LeBlanc,Middle,37,22.8,49
16,Spring,Lee Sin,Jungle,15,21.9,80
16,Spring,Lissandra,Middle,45,64.2,53
16,Spring,Lissandra,Support,2,64.2,0
16,Spring,Lissandra,Top,23,64.2,43
16,Spring,Lucian,ADC,123,57.7,46
16,Spring,Lulu,Middle,61,68.4,54
16,Spring,Lulu,Top,11,68.4,27
16,Spring,Lux,Middle,15,10.7,33
16,Spring,Malphite,Middle,1,1.4,0
16,Spring,Malphite,Top,2,1.4,0
16,Spring,Malzahar,Middle,1,0.5,100
16,Spring,Maokai,Top,49,23.3,53
16,Spring,Miss Fortune,ADC,7,6.5,43
16,Spring,Morgana,Support,7,5.1,43
16,Spring,Morgana,Top,4,5.1,50
16,Spring,Nautilus,Middle,2,28.4,0
16,Spring,Nautilus,Support,13,28.4,54
16,Spring,Nautilus,Top,43,28.4,35
16,Spring,Nidalee,Jungle,60,73.5,53
16,Spring,Nocturne,Jungle,2,0.9,50
16,Spring,Olaf,Top,3,1.4,67
16,Spring,Orianna,Middle,1,0.5,100
16,Spring,Pantheon,Middle,1,0.5,0
16,Spring,Poppy,Support,2,74.0,0
16,Spring,Poppy,Top,99,74.0,55
16,Spring,Quinn,ADC,1,19.5,0
16,Spring,Quinn,Middle,5,19.5,60
16,Spring,Quinn,Top,11,19.5,73
16,Spring,Rammus,Top,7,3.3,29
16,Spring,Rek'Sai,Jungle,49,26.0,51
16,Spring,Rengar,Jungle,1,0.5,0
16,Spring,Rumble,Jungle,5,2.8,40
16,Spring,Rumble,Top,1,2.8,100
16,Spring,Ryze,Middle,5,59.1,60
16,Spring,Ryze,Top,11,59.1,64
16,Spring,Sejuani,Jungle,1,0.5,0
16,Spring,Shen,Support,3,1.9,67
16,Spring,Shen,Top,1,1.9,0
16,Spring,Sivir,ADC,50,32.1,64
16,Spring,Syndra,Middle,2,0.9,50
16,Spring,Tahm Kench,Support,4,17.2,75
16,Spring,Tahm Kench,Top,18,17.2,28
16,Spring,Thresh,Support,43,23.3,51
16,Spring,Tristana,ADC,11,5.1,45
16,Spring,Trundle,Support,79,52.6,61
16,Spring,Trundle,Top,10,52.6,50
16,Spring,Twisted Fate,Middle,27,38.6,67
16,Spring,Twitch,ADC,1,0.5,0
16,Spring,Udyr,Jungle,2,0.9,0
16,Spring,Varus,ADC,1,32.1,0
16,Spring,Varus,Middle,27,32.1,59
16,Spring,Vayne,ADC,3,1.4,67
16,Spring,Vel'Koz,Middle,1,0.5,0
16,Spring,Viktor,Middle,53,31.6,42
16,Spring,Yasuo,Middle,1,0.5,0
16,Spring,Zed,Middle,5,20.9,40
16,Spring,Zilean,Middle,15,11.2,53
16,Summer,Ahri,Middle,1,0.5,0
16,Summer,Alistar,Support,67,38.7,48
16,Summer,Amumu,Jungle,2,0.9,50
16,Summer,Anivia,Middle,13,9.0,62
16,Summer,Ashe,ADC,90,64.2,52
16,Summer,Aurelion Sol,Middle,8,10.8,75
16,Summer,Azir,Middle,51,50.9,49
16,Summer,Bard,Support,53,32.5,42
16,Summer,Blitzcrank,Support,1,0.5,0
16,Summer,Braum,Support,91,43.9,43
16,Summer,Caitlyn,ADC,15,9.4,33
16,Summer,Cassiopeia,Middle,9,5.2,33
16,Summer,Corki,ADC,1,0.5,100
16,Summer,Ekko,Jungle,1,39.2,0
16,Summer,Ekko,Middle,1,39.2,100
16,Summer,Ekko,Top,66,39.2,56
16,Summer,Elise,Jungle,98,59.9,42
16,Summer,Ezreal,ADC,52,28.8,52
16,Summer,Fiora,Top,8,9.4,38
16,Summer,Fizz,Middle,3,4.2,33
16,Summer,Fizz,Top,6,4.2,33
16,Summer,Gangplank,Top,39,40.1,62
16,Summer,Gnar,Top,60,34.0,42
16,Summer,Gragas,Jungle,76,57.1,61
16,Summer,Gragas,Top,4,57.1,25
16,Summer,Graves,Jungle,43,20.3,40
16,Summer,Hecarim,Jungle,19,32.5,58
16,Summer,Hecarim,Top,7,32.5,57
16,Summer,Irelia,Top,28,18.4,50
16,Summer,Janna,Support,1,0.5,0
16,Summer,Jayce,Middle,1,0.5,0
16,Summer,Jhin,ADC,66,36.8,50
16,Summer,Jinx,ADC,1,0.5,0
16,Summer,Kalista,ADC,16,7.5,56
16,Summer,Karma,Middle,42,53.3,48
16,Summer,Karma,Support,46,53.3,57
16,Summer,Kassadin,Middle,5,2.4,20
16,Summer,Kha'Zix,Jungle,1,0.5,0
16,Summer,Kindred,Jungle,33,36.8,42
16,Summer,Kog'Maw,ADC,10,5.2,60
16,Summer,LeBlanc,Middle,29,24.1,48
16,Summer,Lee Sin,Jungle,7,3.3,57
16,Summer,Leona,Support,1,0.5,0
16,Summer,Lissandra,Middle,17,14.2,65
16,Summer,Lissandra,Top,1,14.2,0
16,Summer,Lucian,ADC,56,35.4,43
16,Summer,Lucian,Middle,1,35.4,0
16,Summer,Lulu,Middle,2,0.9,0
16,Summer,Malzahar,Middle,22,26.9,73
16,Summer,Malzahar,Top,3,26.9,67
16,Summer,Maokai,Top,40,22.6,50
16,Summer,Miss Fortune,ADC,1,0.5,100
16,Summer,Nami,Support,40,19.3,55
16,Summer,Nidalee,Jungle,38,93.9,55
16,Summer,Pantheon,Middle,1,0.5,100
16,Summer,Poppy,Top,6,2.8,33
16,Summer,Rek'Sai,Jungle,105,65.6,54
16,Summer,Renekton,Top,5,2.4,40
16,Summer,Rumble,Top,13,7.1,54
16,Summer,Ryze,Middle,16,54.7,44
16,Summer,Ryze,Top,6,54.7,33
16,Summer,Sejuani,Jungle,1,0.5,0
16,Summer,Shen,Top,51,53.8,51
16,Summer,Sivir,ADC,108,70.8,54
16,Summer,Soraka,Support,8,3.8,63
16,Summer,Swain,Middle,4,12.3,25
16,Summer,Swain,Top,13,12.3,38
16,Summer,Syndra,Middle,2,0.9,0
16,Summer,Tahm Kench,Support,36,24.5,56
16,Summer,Tahm Kench,Top,6,24.5,50
16,Summer,Taliyah,Middle,10,18.4,70
16,Summer,Taric,Support,33,17.9,58
16,Summer,Teemo,Top,2,0.9,0
16,Summer,Thresh,Support,12,7.5,58
16,Summer,Tristana,ADC,2,0.9,0
16,Summer,Trundle,Support,32,57.5,59
16,Summer,Trundle,Top,56,57.5,57
16,Summer,Twisted Fate,Middle,18,28.8,33
16,Summer,Twitch,ADC,6,3.3,17
16,Summer,Varus,Middle,36,44.8,58
16,Summer,Veigar,Middle,2,1.4,0
16,Summer,Viktor,Middle,71,41.5,52
16,Summer,Vladimir,Middle,57,71.7,42
16,Summer,Vladimir,Top,1,71.7,0
16,Summer,Yasuo,Top,3,1.4,33
16,Summer,Zilean,Middle,2,4.7,100
16,Summer,Zyra,Support,3,1.4,33
17,Spring,Ahri,Middle,28,20.7,61
17,Spring,Alistar,Support,1,0.5,0
17,Spring,Ashe,ADC,120,77.5,48
17,Spring,Aurelion Sol,Middle,6,10.4,67
17,Spring,Azir,Middle,3,1.4,67
17,Spring,Bard,Support,4,2.3,0
17,Spring,Brand,Support,4,1.8,75
17,Spring,Braum,Support,12,5.9,42
17,Spring,Caitlyn,ADC,30,16.2,47
17,Spring,Camille,Support,1,100.0,100
17,Spring,Camille,Top,20,100.0,65
17,Spring,Cassiopeia,Middle,35,38.7,40
17,Spring,Corki,Middle,61,33.8,54
17,Spring,Dr. Mundo,Top,3,1.8,0
17,Spring,Ekko,Middle,10,14.4,30
17,Spring,Ekko,Top,3,14.4,0
17,Spring,Elise,Jungle,75,52.3,44
17,Spring,Elise,Support,1,52.3,100
17,Spring,Ezreal,ADC,71,37.4,49
17,Spring,Fiora,Top,4,3.2,50
17,Spring,Fizz,Top,4,5.4,50
17,Spring,Gangplank,Top,10,8.6,50
17,Spring,Gragas,Jungle,8,15.8,38
17,Spring,Gragas,Top,21,15.8,19
17,Spring,Graves,Jungle,88,64.9,55
17,Spring,Ivern,Jungle,1,1.4,100
17,Spring,Jax,Top,1,0.5,0
17,Spring,Jayce,Middle,22,57.7,36
17,Spring,Jayce,Top,16,57.7,50
17,Spring,Jhin,ADC,107,59.0,53
17,Spring,Kalista,ADC,1,0.5,100
17,Spring,Karma,Support,104,61.7,41
17,Spring,Katarina,Middle,5,6.3,60
17,Spring,Kayle,Support,1,0.5,0
17,Spring,Kennen,Top,17,25.7,35
17,Spring,Kha'Zix,Jungle,85,53.2,53
17,Spring,Kindred,Jungle,1,0.5,0
17,Spring,Kled,Top,3,3.6,0
17,Spring,Kog'Maw,ADC,7,3.2,43
17,Spring,LeBlanc,Middle,12,77.9,50
17,Spring,Lee Sin,Jungle,61,36.5,48
17,Spring,Leona,Support,1,0.5,100
17,Spring,Lissandra,Middle,3,3.2,0
17,Spring,Lucian,ADC,18,12.2,61
17,Spring,Lulu,Support,54,39.2,46
17,Spring,Lux,Support,1,0.5,100
17,Spring,Malzahar,Middle,4,92.3,75
17,Spring,Malzahar,Support,45,92.3,56
17,Spring,Maokai,Top,98,63.1,51
17,Spring,Miss Fortune,ADC,1,22.5,0
17,Spring,Miss Fortune,Support,26,22.5,46
17,Spring,Nami,Support,32,20.7,56
17,Spring,Nautilus,Support,6,57.2,67
17,Spring,Nautilus,Top,82,57.2,57
17,Spring,Olaf,Jungle,10,8.6,50
17,Spring,Olaf,Top,1,8.6,100
17,Spring,Orianna,Middle,47,36.5,60
17,Spring,Pantheon,Middle,1,0.5,0
17,Spring,Poppy,Top,26,15.3,42
17,Spring,Rek'Sai,Jungle,25,15.3,44
17,Spring,Renekton,Top,23,14.0,35
17,Spring,Rengar,Jungle,88,91.0,53
17,Spring,Rengar,Top,1,91.0,100
17,Spring,Rumble,Top,45,59.0,58
17,Spring,Ryze,Middle,56,64.9,45
17,Spring,Shen,Top,52,59.0,56
17,Spring,Shyvana,Jungle,2,0.9,0
17,Spring,Singed,Top,6,4.1,67
17,Spring,Sion,Support,1,12.6,100
17,Spring,Sion,Top,6,12.6,83
17,Spring,Sivir,ADC,8,5.0,38
17,Spring,Syndra,Middle,44,60.4,57
17,Spring,Syndra,Support,2,60.4,0
17,Spring,Tahm Kench,Support,30,29.3,50
17,Spring,Taliyah,Middle,40,42.3,48
17,Spring,Talon,Middle,18,21.6,61
17,Spring,Talon,Top,1,21.6,0
17,Spring,Taric,Support,3,2.3,0
17,Spring,Thresh,Support,25,20.7,56
17,Spring,Trundle,Top,1,0.9,0
17,Spring,Twisted Fate,Middle,4,1.8,25
17,Spring,Varus,ADC,67,87.8,52
17,Spring,Vel'Koz,Support,2,1.4,100
17,Spring,Viktor,Middle,16,7.7,44
17,Spring,Vladimir,Middle,14,15.3,29
17,Spring,Zed,Middle,7,8.1,86
17,Spring,Ziggs,ADC,14,9.5,36
17,Spring,Zilean,Middle,8,9.0,38
17,Spring,Zilean,Support,6,9.0,33
17,Spring,Zyra,Support,82,82.0,60
17,Summer,Ahri,Middle,2,1.4,0
17,Summer,Akali,Top,1,0.9,100
17,Summer,Alistar,Support,31,22.4,52
17,Summer,Amumu,Jungle,1,0.5,0
17,Summer,Anivia,Middle,1,0.5,0
17,Summer,Ashe,ADC,73,42.5,56
17,Summer,Aurelion Sol,Middle,3,2.3,67
17,Summer,Azir,Middle,1,0.5,0
17,Summer,Bard,Support,10,8.2,40
17,Summer,Blitzcrank,Support,16,15.1,44
17,Summer,Brand,Support,2,2.7,0
17,Summer,Braum,Support,86,57.5,56
17,Summer,Caitlyn,ADC,48,88.6,50
17,Summer,Camille,Top,24,23.3,54
17,Summer,Cassiopeia,Middle,27,32.4,59
17,Summer,Cassiopeia,Top,2,32.4,50
17,Summer,Cho'Gath,Jungle,3,11.9,0
17,Summer,Cho'Gath,Top,13,11.9,62
17,Summer,Corki,ADC,1,29.2,0
17,Summer,Corki,Middle,47,29.2,34
17,Summer,Draven,ADC,1,0.5,0
17,Summer,Elise,Jungle,77,98.6,55
17,Summer,Fiora,Middle,1,26.0,0
17,Summer,Fiora,Top,16,26.0,25
17,Summer,Fizz,Middle,1,0.9,0
17,Summer,Galio,Middle,56,83.6,63
17,Summer,Galio,Support,3,83.6,67
17,Summer,Galio,Top,4,83.6,25
17,Summer,Gnar,Top,25,14.6,24
17,Summer,Gragas,Jungle,80,67.1,56
17,Summer,Gragas,Top,25,67.1,44
17,Summer,Graves,Jungle,27,18.7,30
17,Summer,Ivern,Jungle,3,2.3,33
17,Summer,Janna,Support,2,2.3,50
17,Summer,Jarvan IV,Jungle,18,48.9,56
17,Summer,Jarvan IV,Top,68,48.9,53
17,Summer,Jax,Jungle,2,17.4,100
17,Summer,Jax,Top,16,17.4,44
17,Summer,Jayce,Jungle,1,38.4,0
17,Summer,Jayce,Middle,2,38.4,50
17,Summer,Jayce,Top,26,38.4,65
17,Summer,Jhin,ADC,13,7.3,38
17,Summer,Jinx,ADC,1,0.5,100
17,Summer,Kalista,ADC,64,58.4,63
17,Summer,Karma,Middle,28,38.4,50
17,Summer,Karma,Support,17,38.4,65
17,Summer,Kassadin,Middle,15,10.5,33
17,Summer,Kennen,Support,7,35.6,86
17,Summer,Kennen,Top,18,35.6,28
17,Summer,Kha'Zix,Jungle,39,24.2,54
17,Summer,Kled,Top,29,21.0,48
17,Summer,Kog'Maw,ADC,27,22.8,41
17,Summer,LeBlanc,Middle,16,37.0,56
17,Summer,Lee Sin,Jungle,60,47.0,52
17,Summer,Lucian,ADC,2,27.9,0
17,Summer,Lucian,Middle,25,27.9,44
17,Summer,Lucian,Top,2,27.9,50
17,Summer,Lulu,Support,22,17.4,55
17,Summer,Malphite,Top,1,0.5,100
17,Summer,Malzahar,Middle,3,1.8,67
17,Summer,Maokai,Jungle,4,19.2,50
17,Summer,Maokai,Support,1,19.2,0
17,Summer,Maokai,Top,17,19.2,47
17,Summer,Miss Fortune,Support,1,0.5,0
17,Summer,Mordekaiser,Top,1,1.4,100
17,Summer,Morgana,Support,5,2.3,60
17,Summer,Nami,Support,1,0.5,0
17,Summer,Nidalee,Jungle,4,5.0,25
17,Summer,Nunu & Willump,Jungle,1,0.9,0
17,Summer,Nunu & Willump,Support,1,0.9,0
17,Summer,Olaf,Jungle,11,7.8,36
17,Summer,Orianna,Middle,76,64.4,54
17,Summer,Rakan,Support,55,42.5,51
17,Summer,Rek'Sai,Jungle,65,39.3,40
17,Summer,Renekton,Top,60,47.5,55
17,Summer,Rengar,Jungle,4,4.6,25
17,Summer,Rumble,Jungle,4,58.9,75
17,Summer,Rumble,Top,51,58.9,59
17,Summer,Sejuani,Jungle,19,15.1,53
17,Summer,Sejuani,Top,8,15.1,50
17,Summer,Shen,Top,22,16.9,59
17,Summer,Sion,Top,2,1.4,0
17,Summer,Sivir,ADC,1,0.5,100
17,Summer,Skarner,Jungle,1,0.5,100
17,Summer,Sona,Support,1,0.5,0
17,Summer,Syndra,Middle,33,64.8,52
17,Summer,Tahm Kench,Support,41,32.9,44
17,Summer,Taliyah,Middle,71,72.6,54
17,Summer,Taric,Support,10,5.5,50
17,Summer,Thresh,Support,86,78.5,44
17,Summer,Tristana,ADC,29,18.3,45
17,Summer,Trundle,Top,6,6.4,50
17,Summer,Twitch,ADC,19,16.4,63
17,Summer,Varus,ADC,79,50.7,42
17,Summer,Viktor,Middle,23,13.2,43
17,Summer,Vladimir,Middle,3,1.8,33
17,Summer,Warwick,Jungle,1,0.5,0
17,Summer,Xayah,ADC,79,49.3,48
17,Summer,Yasuo,Top,1,0.5,100
17,Summer,Zac,Jungle,13,99.5,85
17,Summer,Zed,Middle,4,5.0,25
17,Summer,Ziggs,ADC,1,0.5,0
17,Summer,Zilean,Support,1,0.5,0
17,Summer,Zyra,Support,39,37.9,51
18,Spring,Alistar,Support,55,58.4,58
18,Spring,Anivia,Middle,5,3.7,80
18,Spring,Ashe,ADC,3,1.9,67
18,Spring,Aurelion Sol,Middle,1,0.5,100
18,Spring,Azir,Middle,90,84.1,52
18,Spring,Bard,Support,2,2.3,0
18,Spring,Blitzcrank,Support,3,1.9,33
18,Spring,Braum,Support,87,77.1,57
18,Spring,Caitlyn,ADC,45,31.8,40
18,Spring,Camille,Jungle,18,72.0,50
18,Spring,Camille,Top,48,72.0,58
18,Spring,Cassiopeia,Middle,4,6.1,0
18,Spring,Cassiopeia,Top,1,6.1,0
18,Spring,Cho'Gath,Top,22,15.4,41
18,Spring,Corki,Middle,28,20.6,43
18,Spring,Ekko,Middle,3,2.3,67
18,Spring,Ezreal,ADC,95,67.3,52
18,Spring,Fiora,Top,17,11.7,24
18,Spring,Galio,Middle,38,78.5,58
18,Spring,Gangplank,Middle,1,89.3,0
18,Spring,Gangplank,Top,70,89.3,61
18,Spring,Gnar,Top,90,76.2,53
18,Spring,Gragas,Jungle,4,1.9,25
18,Spring,Illaoi,Top,4,3.3,50
18,Spring,Ivern,Jungle,1,0.9,100
18,Spring,Janna,Support,10,10.3,40
18,Spring,Jarvan IV,Jungle,71,53.7,51
18,Spring,Jax,Jungle,24,20.6,54
18,Spring,Jax,Top,2,20.6,50
18,Spring,Jayce,Top,10,18.7,80
18,Spring,Jhin,ADC,4,6.1,50
18,Spring,Jinx,ADC,4,2.3,100
18,Spring,Kalista,ADC,55,65.9,53
18,Spring,Karma,Middle,13,8.9,54
18,Spring,Karma,Support,1,8.9,100
18,Spring,Kassadin,Middle,8,6.1,63
18,Spring,Kassadin,Top,1,6.1,0
18,Spring,Kennen,Support,1,2.3,100
18,Spring,Kennen,Top,2,2.3,50
18,Spring,Kha'Zix,Jungle,45,42.1,49
18,Spring,Kog'Maw,ADC,29,37.9,41
18,Spring,LeBlanc,Middle,4,5.1,100
18,Spring,Lee Sin,Jungle,4,2.3,25
18,Spring,Leona,Support,17,10.3,59
18,Spring,Lucian,Middle,1,1.9,0
18,Spring,Lucian,Top,3,1.9,0
18,Spring,Lulu,Support,2,0.9,0
18,Spring,Malzahar,Middle,35,31.3,51
18,Spring,Maokai,Top,6,2.8,67
18,Spring,Morgana,Support,5,2.3,20
18,Spring,Nasus,Top,2,1.4,0
18,Spring,Nidalee,Jungle,16,15.0,38
18,Spring,Nocturne,Jungle,1,0.5,0
18,Spring,Olaf,Jungle,27,30.8,63
18,Spring,Orianna,Middle,5,2.8,0
18,Spring,Ornn,Support,10,47.7,50
18,Spring,Ornn,Top,56,47.7,38
18,Spring,Poppy,Jungle,1,3.7,0
18,Spring,Poppy,Top,4,3.7,25
18,Spring,Rakan,Support,54,33.6,56
18,Spring,Rek'Sai,Jungle,2,0.9,0
18,Spring,Rengar,Jungle,12,10.3,50
18,Spring,Riven,Top,1,0.5,100
18,Spring,Rumble,Top,2,1.4,50
18,Spring,Ryze,Middle,59,84.1,42
18,Spring,Ryze,Top,8,84.1,50
18,Spring,Sejuani,Jungle,95,96.7,57
18,Spring,Shen,Support,18,21.0,33
18,Spring,Shen,Top,2,21.0,0
18,Spring,Shyvana,Jungle,6,5.1,17
18,Spring,Sion,Middle,9,43.5,44
18,Spring,Sion,Top,35,43.5,46
18,Spring,Sivir,ADC,11,8.9,36
18,Spring,Skarner,Jungle,45,47.7,42
18,Spring,Soraka,Support,1,0.5,100
18,Spring,Swain,Middle,5,13.6,60
18,Spring,Swain,Top,4,13.6,75
18,Spring,Syndra,Middle,10,7.0,30
18,Spring,Tahm Kench,Support,81,69.6,41
18,Spring,Taliyah,Middle,45,42.5,56
18,Spring,Taric,Support,54,37.4,50
18,Spring,Thresh,Support,26,22.9,46
18,Spring,Tristana,ADC,45,29.0,42
18,Spring,Trundle,Top,10,7.9,40
18,Spring,Twitch,ADC,1,0.5,0
18,Spring,Varus,ADC,79,74.3,54
18,Spring,Vayne,ADC,5,3.7,20
18,Spring,Veigar,Middle,2,2.3,0
18,Spring,Vel'Koz,Middle,9,8.9,67
18,Spring,Viktor,Middle,1,0.5,0
18,Spring,Vladimir,Middle,1,37.4,0
18,Spring,Vladimir,Top,28,37.4,54
18,Spring,Xayah,ADC,52,44.4,60
18,Spring,Xerath,Middle,1,0.9,100
18,Spring,Xin Zhao,Jungle,1,0.5,0
18,Spring,Zac,Jungle,55,47.2,51
18,Spring,Ziggs,Middle,4,1.9,25
18,Spring,Zilean,Support,1,0.5,0
18,Spring,Zoe,Middle,46,51.4,52
18,Summer,Aatrox,Middle,4,83.9,100
18,Summer,Aatrox,Top,31,83.9,65
18,Summer,Alistar,Support,57,43.1,51
18,Summer,Amumu,Jungle,1,0.5,0
18,Summer,Anivia,Middle,8,8.3,50
18,Summer,Ashe,ADC,37,27.5,70
18,Summer,Aurelion Sol,Middle,7,5.5,57
18,Summer,Azir,Middle,18,11.9,56
18,Summer,Blitzcrank,Support,4,2.8,75
18,Summer,Brand,Support,1,0.5,0
18,Summer,Braum,Jungle,6,30.3,33
18,Summer,Braum,Middle,4,30.3,50
18,Summer,Braum,Support,35,30.3,37
18,Summer,Caitlyn,ADC,4,1.8,25
18,Summer,Camille,Jungle,31,58.3,45
18,Summer,Camille,Top,20,58.3,45
18,Summer,Cassiopeia,Middle,2,0.9,0
18,Summer,Cho'Gath,Top,30,17.0,50
18,Summer,Corki,Middle,2,0.9,0
18,Summer,Darius,ADC,2,44.0,50
18,Summer,Darius,Middle,2,44.0,0
18,Summer,Darius,Top,36,44.0,47
18,Summer,Dr. Mundo,Top,65,55.0,45
18,Summer,Draven,ADC,1,0.5,0
18,Summer,Elise,Jungle,3,1.8,33
18,Summer,Evelynn,Jungle,2,1.4,0
18,Summer,Ezreal,ADC,91,65.1,54
18,Summer,Fiddlesticks,Support,5,10.1,40
18,Summer,Fizz,Middle,3,1.4,67
18,Summer,Galio,Middle,35,28.9,60
18,Summer,Galio,Support,1,28.9,0
18,Summer,Gangplank,ADC,2,39.0,50
18,Summer,Gangplank,Top,39,39.0,44
18,Summer,Gnar,Top,44,30.3,68
18,Summer,Gragas,Jungle,30,34.4,37
18,Summer,Gragas,Support,17,34.4,41
18,Summer,Gragas,Top,14,34.4,36
18,Summer,Graves,Jungle,11,8.3,27
18,Summer,Heimerdinger,ADC,1,2.3,0
18,Summer,Heimerdinger,Top,1,2.3,0
18,Summer,Irelia,ADC,3,28.4,33
18,Summer,Irelia,Middle,26,28.4,27
18,Summer,Irelia,Top,2,28.4,0
18,Summer,Janna,Support,2,0.9,50
18,Summer,Jarvan IV,Top,1,0.5,100
18,Summer,Jax,Middle,1,4.1,0
18,Summer,Jax,Top,7,4.1,57
18,Summer,Jayce,ADC,1,26.6,0
18,Summer,Jayce,Middle,1,26.6,0
18,Summer,Jayce,Top,20,26.6,60
18,Summer,Jhin,ADC,11,6.0,27
18,Summer,Kai'Sa,ADC,26,18.8,42
18,Summer,Kalista,ADC,2,2.8,100
18,Summer,Karma,Middle,1,2.3,0
18,Summer,Karma,Support,1,2.3,0
18,Summer,Karma,Top,1,2.3,0
18,Summer,Karthus,ADC,3,6.9,67
18,Summer,Karthus,Middle,6,6.9,17
18,Summer,Karthus,Top,1,6.9,0
18,Summer,Kennen,Support,2,30.3,0
18,Summer,Kennen,Top,31,30.3,48
18,Summer,Kha'Zix,Jungle,1,0.5,0
18,Summer,Kindred,Jungle,46,35.8,43
18,Summer,Kled,ADC,1,9.2,100
18,Summer,Kled,Middle,4,9.2,0
18,Summer,Kled,Top,6,9.2,83
18,Summer,Kog'Maw,ADC,5,3.2,40
18,Summer,LeBlanc,Middle,11,16.1,55
18,Summer,Leona,Support,8,4.1,50
18,Summer,Lissandra,Middle,2,1.8,50
18,Summer,Lucian,ADC,23,20.6,26
18,Summer,Lucian,Middle,1,20.6,0
18,Summer,Lulu,ADC,5,27.5,20
18,Summer,Lulu,Middle,22,27.5,55
18,Summer,Lulu,Support,5,27.5,40
18,Summer,Malphite,Top,7,4.1,57
18,Summer,Malzahar,ADC,1,3.2,0
18,Summer,Malzahar,Middle,5,3.2,40
18,Summer,Master Yi,Jungle,6,14.7,50
18,Summer,Mordekaiser,ADC,15,11.0,60
18,Summer,Mordekaiser,Top,1,11.0,100
18,Summer,Morgana,ADC,9,63.8,33
18,Summer,Morgana,Middle,2,63.8,50
18,Summer,Morgana,Support,44,63.8,45
18,Summer,Nami,Support,1,0.5,100
18,Summer,Nasus,Top,2,1.4,100
18,Summer,Nidalee,Jungle,6,3.2,67
18,Summer,Nocturne,Jungle,44,70.2,61
18,Summer,Nunu & Willump,Jungle,5,2.8,20
18,Summer,Olaf,Jungle,6,4.6,33
18,Summer,Orianna,ADC,2,24.3,100
18,Summer,Orianna,Middle,33,24.3,36
18,Summer,Ornn,Middle,1,21.1,0
18,Summer,Ornn,Support,4,21.1,75
18,Summer,Ornn,Top,30,21.1,37
18,Summer,Poppy,Middle,1,0.5,100
18,Summer,Pyke,Support,22,20.6,45
18,Summer,Quinn,Top,1,0.5,0
18,Summer,Rakan,Jungle,4,72.0,100
18,Summer,Rakan,Support,42,72.0,50
18,Summer,Renekton,Middle,1,5.5,100
18,Summer,Renekton,Top,4,5.5,50
18,Summer,Rengar,Jungle,5,2.8,40
18,Summer,Rumble,Middle,2,4.6,50
18,Summer,Rumble,Top,3,4.6,33
18,Summer,Ryze,ADC,13,33.0,54
18,Summer,Ryze,Middle,29,33.0,45
18,Summer,Ryze,Top,8,33.0,38
18,Summer,Sejuani,Jungle,75,46.3,60
18,Summer,Sejuani,Support,1,46.3,0
18,Summer,Shen,Support,73,70.2,58
18,Summer,Shen,Top,4,70.2,25
18,Summer,Singed,Top,10,9.2,50
18,Summer,Skarner,Jungle,25,18.3,44
18,Summer,Soraka,ADC,1,22.9,0
18,Summer,Soraka,Support,15,22.9,67
18,Summer,Swain,ADC,33,67.4,58
18,Summer,Swain,Middle,40,67.4,60
18,Summer,Swain,Top,6,67.4,50
18,Summer,Syndra,Middle,7,6.0,29
18,Summer,Tahm Kench,Support,85,74.3,53
18,Summer,Taliyah,ADC,2,94.0,100
18,Summer,Taliyah,Jungle,15,94.0,60
18,Summer,Taliyah,Middle,11,94.0,64
18,Summer,Taliyah,Support,1,94.0,100
18,Summer,Talon,Middle,8,11.5,63
18,Summer,Taric,Middle,6,8.7,50
18,Summer,Taric,Support,3,8.7,33
18,Summer,Teemo,ADC,2,0.9,100
18,Summer,Thresh,Support,6,3.7,50
18,Summer,Tristana,ADC,4,2.3,75
18,Summer,Trundle,Jungle,92,64.7,53
18,Summer,Twisted Fate,Middle,1,0.5,0
18,Summer,Varus,ADC,46,40.8,39
18,Summer,Varus,Middle,3,40.8,33
18,Summer,Vel'Koz,ADC,1,11.5,0
18,Summer,Vel'Koz,Middle,13,11.5,46
18,Summer,Vel'Koz,Support,1,11.5,0
18,Summer,Vladimir,ADC,48,47.2,44
18,Summer,Vladimir,Middle,3,47.2,67
18,Summer,Vladimir,Top,11,47.2,55
18,Summer,Xayah,ADC,26,18.8,73
18,Summer,Xerath,Middle,2,1.8,50
18,Summer,Xin Zhao,Jungle,12,7.8,42
18,Summer,Yasuo,ADC,13,46.8,46
18,Summer,Yasuo,Middle,23,46.8,57
18,Summer,Zac,Jungle,10,5.5,50
18,Summer,Zilean,ADC,1,0.5,0
18,Summer,Zoe,ADC,1,85.8,0
18,Summer,Zoe,Middle,85,85.8,58
19,Spring,Aatrox,Jungle,19,63.9,58
19,Spring,Aatrox,Middle,8,63.9,50
19,Spring,Aatrox,Top,47,63.9,47
19,Spring,Ahri,Middle,1,0.5,0
19,Spring,Akali,Middle,21,38.9,67
19,Spring,Akali,Top,19,38.9,42
19,Spring,Alistar,Support,56,45.7,43
19,Spring,Anivia,Middle,1,0.5,0
19,Spring,Annie,ADC,1,0.5,100
19,Spring,Ashe,ADC,28,19.7,64
19,Spring,Aurelion Sol,Middle,5,3.8,40
19,Spring,Azir,Middle,8,6.7,38
19,Spring,Bard,Support,3,2.4,67
19,Spring,Blitzcrank,Support,2,1.0,50
19,Spring,Braum,Support,80,57.7,45
19,Spring,Caitlyn,ADC,2,1.0,0
19,Spring,Camille,Jungle,16,25.0,50
19,Spring,Camille,Top,4,25.0,50
19,Spring,Cassiopeia,ADC,8,41.3,38
19,Spring,Cassiopeia,Middle,6,41.3,50
19,Spring,Cassiopeia,Top,1,41.3,0
19,Spring,Corki,Middle,9,6.7,33
19,Spring,Darius,ADC,1,3.8,100
19,Spring,Darius,Top,3,3.8,67
19,Spring,Draven,ADC,11,12.0,64
19,Spring,Elise,Jungle,17,15.4,53
19,Spring,Elise,Support,1,15.4,100
19,Spring,Evelynn,Jungle,2,1.9,100
19,Spring,Ezreal,ADC,78,72.1,54
19,Spring,Fiddlesticks,Support,3,2.9,33
19,Spring,Fiora,Top,10,7.7,80
19,Spring,Galio,Middle,33,80.3,48
19,Spring,Galio,Support,47,80.3,51
19,Spring,Galio,Top,1,80.3,100
19,Spring,Gangplank,Top,6,4.3,50
19,Spring,Gnar,Top,6,2.9,67
19,Spring,Gragas,Jungle,19,30.3,58
19,Spring,Gragas,Support,17,30.3,24
19,Spring,Irelia,Middle,7,42.3,57
19,Spring,Irelia,Top,12,42.3,0
19,Spring,Jarvan IV,Jungle,47,34.6,45
19,Spring,Jarvan IV,Support,3,34.6,67
19,Spring,Jarvan IV,Top,4,34.6,0
19,Spring,Jax,Jungle,10,10.1,80
19,Spring,Jax,Top,5,10.1,40
19,Spring,Jayce,Middle,1,70.7,0
19,Spring,Jayce,Top,50,70.7,52
19,Spring,Jinx,ADC,4,3.4,75
19,Spring,Kai'Sa,ADC,60,35.6,42
19,Spring,Kalista,ADC,40,54.3,53
19,Spring,Karma,Middle,2,9.6,0
19,Spring,Karma,Support,2,9.6,0
19,Spring,Karma,Top,4,9.6,25
19,Spring,Karthus,Jungle,4,5.3,25
19,Spring,Karthus,Middle,1,5.3,0
19,Spring,Kayle,Top,4,2.9,50
19,Spring,Kayn,Jungle,3,1.4,67
19,Spring,Kennen,Middle,2,12.0,0
19,Spring,Kennen,Top,17,12.0,53
19,Spring,Kha'Zix,Jungle,18,16.8,56
19,Spring,Kindred,Jungle,2,3.8,50
19,Spring,Kled,Top,1,1.4,0
19,Spring,Kog'Maw,ADC,2,1.0,50
19,Spring,LeBlanc,Middle,41,60.6,61
19,Spring,Lee Sin,Jungle,84,59.1,58
19,Spring,Leona,Support,3,2.4,0
19,Spring,Lissandra,Middle,81,79.3,56
19,Spring,Lissandra,Top,3,79.3,67
19,Spring,Lucian,ADC,65,90.4,49
19,Spring,Lucian,Middle,1,90.4,100
19,Spring,Lucian,Top,5,90.4,40
19,Spring,Lulu,Middle,5,4.8,20
19,Spring,Lulu,Support,1,4.8,0
19,Spring,Malphite,Top,1,0.5,0
19,Spring,Malzahar,Middle,1,0.5,0
19,Spring,Morgana,ADC,3,16.3,33
19,Spring,Morgana,Middle,3,16.3,33
19,Spring,Morgana,Support,13,16.3,62
19,Spring,Nami,Support,2,1.0,50
19,Spring,Nautilus,Support,1,0.5,0
19,Spring,Neeko,ADC,2,8.7,50
19,Spring,Neeko,Top,6,8.7,83
19,Spring,Nocturne,Jungle,28,48.1,39
19,Spring,Olaf,Jungle,42,50.5,55
19,Spring,Orianna,Middle,3,1.9,67
19,Spring,Ornn,Support,3,5.8,67
19,Spring,Ornn,Top,5,5.8,80
19,Spring,Rakan,Support,30,30.8,63
19,Spring,Rek'Sai,Jungle,29,21.6,52
19,Spring,Renekton,Middle,1,1.0,0
19,Spring,Renekton,Top,1,1.0,0
19,Spring,Riven,Jungle,3,3.4,33
19,Spring,Riven,Top,3,3.4,33
19,Spring,Rumble,Top,1,0.5,0
19,Spring,Ryze,Middle,25,58.7,56
19,Spring,Ryze,Top,22,58.7,27
19,Spring,Sejuani,Jungle,18,15.4,28
19,Spring,Shen,Support,22,15.9,68
19,Spring,Sion,Middle,13,29.3,38
19,Spring,Sion,Top,28,29.3,54
19,Spring,Sivir,ADC,28,20.7,36
19,Spring,Skarner,Jungle,3,1.9,33
19,Spring,Swain,Middle,1,0.5,0
19,Spring,Sylas,Middle,13,30.3,38
19,Spring,Sylas,Top,13,30.3,46
19,Spring,Syndra,Middle,11,7.7,36
19,Spring,Tahm Kench,Support,80,69.7,61
19,Spring,Taliyah,Jungle,3,7.2,67
19,Spring,Taliyah,Middle,5,7.2,40
19,Spring,Talon,Middle,1,0.5,0
19,Spring,Taric,Support,2,1.0,0
19,Spring,Thresh,Support,44,52.4,43
19,Spring,Tristana,ADC,8,6.7,50
19,Spring,Trundle,Jungle,1,0.5,0
19,Spring,Urgot,Middle,21,55.3,52
19,Spring,Urgot,Top,64,55.3,61
19,Spring,Varus,ADC,9,8.2,33
19,Spring,Vayne,ADC,13,13.5,54
19,Spring,Vayne,Middle,1,13.5,0
19,Spring,Vayne,Top,2,13.5,50
19,Spring,Vel'Koz,Middle,1,1.0,100
19,Spring,Vel'Koz,Support,1,1.0,0
19,Spring,Viktor,ADC,14,27.9,36
19,Spring,Viktor,Middle,5,27.9,20
19,Spring,Viktor,Top,16,27.9,31
19,Spring,Vladimir,ADC,15,53.8,67
19,Spring,Vladimir,Middle,3,53.8,33
19,Spring,Vladimir,Top,25,53.8,68
19,Spring,Xayah,ADC,18,11.1,56
19,Spring,Xin Zhao,Jungle,31,20.2,29
19,Spring,Yasuo,ADC,5,30.3,40
19,Spring,Yasuo,Middle,18,30.3,61
19,Spring,Yorick,Top,26,32.7,58
19,Spring,Zac,Jungle,17,16.8,47
19,Spring,Zed,Top,1,1.4,0
19,Spring,Ziggs,ADC,1,0.5,100
19,Spring,Zilean,Middle,2,1.4,50
19,Spring,Zoe,Middle,55,63.0,51
19,Summer,Aatrox,Jungle,4,78.4,50
19,Summer,Aatrox,Middle,16,78.4,44
19,Summer,Aatrox,Top,94,78.4,46
19,Summer,Akali,Middle,39,52.3,56
19,Summer,Akali,Top,11,52.3,45
19,Summer,Alistar,Support,16,13.3,63
19,Summer,Ashe,ADC,16,12.8,56
19,Summer,Azir,Middle,74,58.3,51
19,Summer,Blitzcrank,Support,1,0.5,0
19,Summer,Braum,Support,36,20.6,56
19,Summer,Caitlyn,ADC,3,4.1,33
19,Summer,Camille,Middle,7,34.9,71
19,Summer,Camille,Top,35,34.9,60
19,Summer,Cassiopeia,Middle,2,0.9,50
19,Summer,Corki,Middle,51,51.8,59
19,Summer,Draven,ADC,5,3.7,80
19,Summer,Ekko,Middle,1,0.5,100
19,Summer,Elise,Jungle,23,25.7,52
19,Summer,Evelynn,Jungle,4,2.3,75
19,Summer,Ezreal,ADC,85,76.1,48
19,Summer,Fiora,Top,6,6.9,67
19,Summer,Fizz,Middle,1,0.5,100
19,Summer,Galio,Middle,1,9.2,0
19,Summer,Galio,Support,15,9.2,40
19,Summer,Gangplank,Top,20,17.9,50
19,Summer,Gnar,Top,6,4.1,33
19,Summer,Gragas,Jungle,26,35.8,42
19,Summer,Gragas,Support,4,35.8,50
19,Summer,Gragas,Top,1,35.8,0
19,Summer,Hecarim,Jungle,1,0.5,0
19,Summer,Irelia,Middle,14,63.8,50
19,Summer,Irelia,Top,19,63.8,42
19,Summer,Jarvan IV,Jungle,52,41.7,46
19,Summer,Jarvan IV,Support,1,41.7,100
19,Summer,Jax,Jungle,2,2.8,50
19,Summer,Jax,Top,2,2.8,0
19,Summer,Jayce,Middle,11,63.3,64
19,Summer,Jayce,Top,56,63.3,61
19,Summer,Jinx,ADC,6,2.8,50
19,Summer,Kai'Sa,ADC,55,28.4,49
19,Summer,Kai'Sa,Jungle,1,28.4,0
19,Summer,Kalista,ADC,27,32.6,59
19,Summer,Karma,ADC,2,65.6,100
19,Summer,Karma,Middle,16,65.6,38
19,Summer,Karma,Support,6,65.6,67
19,Summer,Karma,Top,16,65.6,38
19,Summer,Karthus,Jungle,23,33.9,43
19,Summer,Kassadin,Middle,1,0.5,100
19,Summer,Kayn,Jungle,2,1.4,0
19,Summer,Kennen,Top,46,50.0,50
19,Summer,Kha'Zix,Jungle,4,1.8,75
19,Summer,Kindred,Jungle,1,2.8,100
19,Summer,Kled,Top,8,5.5,38
19,Summer,Kog'Maw,ADC,1,0.9,0
19,Summer,LeBlanc,Middle,18,25.7,39
19,Summer,Lee Sin,Jungle,51,34.4,57
19,Summer,Leona,Support,4,1.8,50
19,Summer,Lissandra,Middle,12,7.8,50
19,Summer,Lucian,ADC,29,20.6,48
19,Summer,Lucian,Middle,3,20.6,33
19,Summer,Lulu,Middle,3,3.2,0
19,Summer,Lux,Middle,4,48.6,75
19,Summer,Lux,Support,53,48.6,49
19,Summer,Mordekaiser,Top,3,1.4,67
19,Summer,Morgana,ADC,1,9.6,100
19,Summer,Morgana,Middle,1,9.6,0
19,Summer,Morgana,Support,6,9.6,17
19,Summer,Nami,Support,1,0.5,100
19,Summer,Nautilus,Support,56,39.0,48
19,Summer,Neeko,Middle,17,45.9,71
19,Summer,Neeko,Top,22,45.9,36
19,Summer,Nocturne,Jungle,1,0.9,0
19,Summer,Olaf,Jungle,30,37.2,30
19,Summer,Orianna,Middle,3,1.4,33
19,Summer,Ornn,Top,1,0.9,100
19,Summer,Poppy,Top,2,0.9,50
19,Summer,Pyke,ADC,2,8.7,50
19,Summer,Pyke,Support,10,8.7,40
19,Summer,Pyke,Top,2,8.7,100
19,Summer,Qiyana,Middle,4,4.6,25
19,Summer,Quinn,Top,1,0.5,0
19,Summer,Rakan,Support,49,31.7,63
19,Summer,Rek'Sai,Jungle,26,27.5,46
19,Summer,Renekton,Middle,6,22.9,17
19,Summer,Renekton,Top,25,22.9,60
19,Summer,Rumble,Top,1,0.5,100
19,Summer,Ryze,Middle,16,25.7,44
19,Summer,Ryze,Top,11,25.7,64
19,Summer,Sejuani,Jungle,87,92.7,59
19,Summer,Sejuani,Support,3,92.7,100
19,Summer,Sejuani,Top,1,92.7,100
19,Summer,Shen,Support,2,0.9,0
19,Summer,Sion,Top,2,0.9,50
19,Summer,Sivir,ADC,45,31.2,38
19,Summer,Skarner,Jungle,28,32.6,54
19,Summer,Sona,ADC,24,23.9,46
19,Summer,Sylas,Jungle,21,53.2,62
19,Summer,Sylas,Middle,27,53.2,48
19,Summer,Sylas,Top,12,53.2,58
19,Summer,Syndra,Middle,2,0.9,0
19,Summer,Tahm Kench,Support,92,77.1,49
19,Summer,Tahm Kench,Top,2,77.1,50
19,Summer,Taliyah,Jungle,2,37.6,50
19,Summer,Taliyah,Middle,24,37.6,58
19,Summer,Talon,Middle,1,0.5,0
19,Summer,Taric,Support,4,3.7,50
19,Summer,Thresh,Support,17,12.4,41
19,Summer,Tristana,ADC,1,1.8,0
19,Summer,Tristana,Middle,1,1.8,0
19,Summer,Trundle,Jungle,18,15.1,50
19,Summer,Twisted Fate,Middle,2,0.9,50
19,Summer,Urgot,Jungle,1,0.5,0
19,Summer,Varus,ADC,48,36.2,48
19,Summer,Vayne,ADC,4,2.8,50
19,Summer,Veigar,Middle,4,3.2,100
19,Summer,Vel'Koz,Middle,7,3.7,29
19,Summer,Viktor,ADC,3,3.2,33
19,Summer,Viktor,Middle,1,3.2,0
19,Summer,Viktor,Top,2,3.2,0
19,Summer,Vladimir,ADC,2,32.1,50
19,Summer,Vladimir,Middle,5,32.1,80
19,Summer,Vladimir,Top,27,32.1,44
19,Summer,Volibear,Support,17,12.8,41
19,Summer,Xayah,ADC,73,49.1,58
19,Summer,Xerath,Middle,1,0.5,0
19,Summer,Xin Zhao,Jungle,26,21.1,46
19,Summer,Yasuo,ADC,4,19.3,50
19,Summer,Yasuo,Middle,12,19.3,67
19,Summer,Yorick,Top,2,2.3,0
19,Summer,Yuumi,Support,43,89.9,44
19,Summer,Zac,Jungle,2,0.9,0
19,Summer,Zed,Middle,2,0.9,0
19,Summer,Zoe,Middle,26,23.9,27
20,Spring,Aatrox,Middle,5,48.4,80
20,Spring,Aatrox,Top,70,48.4,44
20,Spring,Akali,Middle,9,38.1,44
20,Spring,Akali,Top,17,38.1,65
20,Spring,Alistar,Support,13,6.3,62
20,Spring,Anivia,Middle,1,0.4,0
20,Spring,Aphelios,ADC,65,99.1,57
20,Spring,Ashe,ADC,5,3.6,40
20,Spring,Azir,Middle,64,53.8,56
20,Spring,Bard,Support,7,3.6,57
20,Spring,Blitzcrank,Support,10,9.4,80
20,Spring,Brand,Support,2,0.9,0
20,Spring,Braum,Support,47,28.3,53
20,Spring,Caitlyn,ADC,6,3.1,50
20,Spring,Camille,Top,8,5.8,38
20,Spring,Cassiopeia,ADC,3,8.1,33
20,Spring,Cassiopeia,Middle,11,8.1,36
20,Spring,Corki,Middle,5,4.0,40
20,Spring,Darius,Top,1,0.4,0
20,Spring,Diana,Jungle,4,4.5,50
20,Spring,Diana,Middle,2,4.5,50
20,Spring,Ekko,Jungle,1,11.7,100
20,Spring,Ekko,Middle,13,11.7,46
20,Spring,Elise,Jungle,38,50.2,50
20,Spring,Ezreal,ADC,54,31.4,46
20,Spring,Galio,Middle,14,11.7,57
20,Spring,Galio,Support,1,11.7,0
20,Spring,Gangplank,Top,10,7.6,90
20,Spring,Gnar,Top,15,9.0,40
20,Spring,Gragas,Jungle,35,28.3,51
20,Spring,Graves,Jungle,2,0.9,50
20,Spring,Illaoi,Top,5,9.0,40
20,Spring,Irelia,Middle,6,20.2,17
20,Spring,Irelia,Top,6,20.2,67
20,Spring,Ivern,Jungle,1,0.4,0
20,Spring,Janna,Support,1,0.9,0
20,Spring,Jarvan IV,Jungle,98,69.5,50
20,Spring,Jax,Top,1,0.4,0
20,Spring,Jayce,Middle,3,15.7,0
20,Spring,Jayce,Top,18,15.7,67
20,Spring,Jinx,ADC,1,0.4,0
20,Spring,Kai'Sa,ADC,27,15.2,41
20,Spring,Kalista,ADC,56,55.6,59
20,Spring,Kalista,Top,3,55.6,33
20,Spring,Karma,Middle,1,8.5,0
20,Spring,Karma,Support,9,8.5,44
20,Spring,Karma,Top,3,8.5,100
20,Spring,Karthus,Jungle,6,5.4,33
20,Spring,Kassadin,Middle,6,8.1,33
20,Spring,Kayle,Top,4,2.7,75
20,Spring,Kennen,Top,27,19.3,56
20,Spring,Kindred,Jungle,5,6.3,40
20,Spring,Kled,Top,1,1.3,0
20,Spring,Kog'Maw,ADC,1,0.9,0
20,Spring,LeBlanc,Middle,36,72.2,58
20,Spring,Lee Sin,Jungle,48,32.7,27
20,Spring,Leona,Support,14,11.7,36
20,Spring,Lissandra,Middle,3,2.2,33
20,Spring,Lucian,ADC,3,35.4,0
20,Spring,Lucian,Middle,9,35.4,56
20,Spring,Lucian,Top,14,35.4,29
20,Spring,Lulu,Support,4,1.8,50
20,Spring,Lux,Support,1,0.4,0
20,Spring,Maokai,Support,3,5.4,67
20,Spring,Maokai,Top,4,5.4,0
20,Spring,Miss Fortune,ADC,114,56.5,46
20,Spring,Mordekaiser,Middle,1,20.2,100
20,Spring,Mordekaiser,Top,23,20.2,35
20,Spring,Morgana,ADC,2,12.1,50
20,Spring,Morgana,Support,13,12.1,69
20,Spring,Nami,Support,2,0.9,0
20,Spring,Nautilus,Middle,8,52.5,63
20,Spring,Nautilus,Support,69,52.5,42
20,Spring,Neeko,Middle,3,1.3,67
20,Spring,Nidalee,Jungle,2,1.8,50
20,Spring,Nocturne,Jungle,3,3.6,100
20,Spring,Olaf,Jungle,54,54.3,56
20,Spring,Orianna,Middle,10,5.8,30
20,Spring,Ornn,Middle,22,86.1,59
20,Spring,Ornn,Top,72,86.1,57
20,Spring,Pantheon,Middle,16,29.1,56
20,Spring,Pantheon,Top,3,29.1,67
20,Spring,Poppy,Jungle,1,1.8,0
20,Spring,Poppy,Top,1,1.8,0
20,Spring,Pyke,Support,6,3.6,50
20,Spring,Qiyana,Jungle,1,13.5,0
20,Spring,Qiyana,Middle,9,13.5,56
20,Spring,Quinn,Top,3,4.9,33
20,Spring,Rakan,Support,28,15.7,46
20,Spring,Rek'Sai,Jungle,37,31.8,57
20,Spring,Renekton,Middle,4,34.1,25
20,Spring,Renekton,Top,17,34.1,47
20,Spring,Rumble,Middle,30,43.9,43
20,Spring,Rumble,Support,8,43.9,63
20,Spring,Rumble,Top,17,43.9,47
20,Spring,Ryze,Middle,5,4.5,40
20,Spring,Ryze,Top,1,4.5,100
20,Spring,Sejuani,Jungle,39,21.1,54
20,Spring,Senna,ADC,32,61.9,63
20,Spring,Senna,Support,10,61.9,60
20,Spring,Sett,ADC,1,98.7,0
20,Spring,Sett,Jungle,2,98.7,50
20,Spring,Sett,Middle,6,98.7,33
20,Spring,Sett,Support,11,98.7,55
20,Spring,Sett,Top,62,98.7,50
20,Spring,Shen,Support,3,3.1,67
20,Spring,Shen,Top,1,3.1,0
20,Spring,Sion,Support,1,1.3,100
20,Spring,Sion,Top,2,1.3,50
20,Spring,Sivir,ADC,1,1.8,0
20,Spring,Soraka,ADC,1,26.9,0
20,Spring,Soraka,Middle,1,26.9,0
20,Spring,Soraka,Top,12,26.9,58
20,Spring,Sylas,Jungle,6,26.9,33
20,Spring,Sylas,Middle,11,26.9,55
20,Spring,Sylas,Top,14,26.9,50
20,Spring,Syndra,ADC,3,30.9,33
20,Spring,Syndra,Middle,31,30.9,42
20,Spring,Tahm Kench,Support,42,29.6,57
20,Spring,Taliyah,Jungle,2,8.1,50
20,Spring,Taliyah,Middle,4,8.1,25
20,Spring,Taric,Support,64,43.0,52
20,Spring,Thresh,Support,36,28.3,47
20,Spring,Tristana,Middle,2,0.9,100
20,Spring,Trundle,Jungle,59,45.3,61
20,Spring,Tryndamere,Top,1,0.9,0
20,Spring,Twitch,ADC,1,0.4,0
20,Spring,Varus,ADC,45,53.8,58
20,Spring,Varus,Middle,4,53.8,50
20,Spring,Vayne,ADC,2,1.3,50
20,Spring,Vayne,Top,1,1.3,0
20,Spring,Vel'Koz,Middle,3,2.2,100
20,Spring,Viktor,Middle,11,8.1,36
20,Spring,Viktor,Top,3,8.1,33
20,Spring,Vladimir,Top,2,0.9,50
20,Spring,Volibear,Support,5,6.7,60
20,Spring,Xayah,ADC,20,14.3,45
20,Spring,Xin Zhao,Jungle,1,0.4,0
20,Spring,Yasuo,Middle,2,5.4,50
20,Spring,Yuumi,Support,36,43.0,39
20,Spring,Zac,Jungle,1,0.9,0
20,Spring,Ziggs,ADC,3,3.1,0
20,Spring,Ziggs,Middle,3,3.1,33
20,Spring,Zilean,Middle,5,9.4,80
20,Spring,Zilean,Top,4,9.4,50
20,Spring,Zoe,Middle,67,70.9,52
20,Summer,Aatrox,Top,24,17.5,33
20,Summer,Akali,Middle,11,16.1,64
20,Summer,Akali,Top,10,16.1,70
20,Summer,Alistar,Support,5,3.8,80
20,Summer,Aphelios,ADC,80,56.9,46
20,Summer,Ashe,ADC,77,49.8,53
20,Summer,Azir,Middle,64,63.5,56
20,Summer,Bard,Support,46,50.2,54
20,Summer,Blitzcrank,Support,10,5.2,50
20,Summer,Braum,Support,32,21.8,50
20,Summer,Caitlyn,ADC,31,24.2,48
20,Summer,Camille,Middle,1,33.2,0
20,Summer,Camille,Top,37,33.2,73
20,Summer,Cassiopeia,Middle,1,0.5,0
20,Summer,Cho'Gath,Top,1,0.5,0
20,Summer,Corki,Middle,17,13.3,53
20,Summer,Darius,Top,1,0.5,0
20,Summer,Ekko,Jungle,3,8.5,33
20,Summer,Ekko,Middle,11,8.5,45
20,Summer,Elise,Jungle,2,3.3,0
20,Summer,Evelynn,Jungle,1,0.5,0
20,Summer,Ezreal,ADC,89,73.0,51
20,Summer,Fiddlesticks,Jungle,1,1.4,100
20,Summer,Fiddlesticks,Middle,1,1.4,0
20,Summer,Fiora,Top,2,0.9,0
20,Summer,Galio,Middle,27,30.3,33
20,Summer,Galio,Support,3,30.3,67
20,Summer,Gangplank,Top,6,5.2,17
20,Summer,Gnar,Top,14,10.9,29
20,Summer,Gragas,Jungle,3,5.2,33
20,Summer,Gragas,Middle,2,5.2,50
20,Summer,Gragas,Support,4,5.2,25
20,Summer,Gragas,Top,1,5.2,100
20,Summer,Graves,Jungle,25,13.3,20
20,Summer,Hecarim,Jungle,3,2.4,0
20,Summer,Hecarim,Top,1,2.4,0
20,Summer,Heimerdinger,ADC,3,4.7,0
20,Summer,Illaoi,Top,6,10.0,17
20,Summer,Irelia,Middle,3,8.5,33
20,Summer,Irelia,Top,6,8.5,50
20,Summer,Janna,Support,2,1.4,0
20,Summer,Jarvan IV,Jungle,13,9.0,23
20,Summer,Jax,Jungle,1,2.8,0
20,Summer,Jax,Top,2,2.8,0
20,Summer,Jayce,Middle,2,50.2,100
20,Summer,Jayce,Top,43,50.2,58
20,Summer,Jhin,ADC,12,6.2,42
20,Summer,Jinx,ADC,1,0.5,100
20,Summer,Kai'Sa,ADC,6,3.8,0
20,Summer,Kalista,ADC,43,70.1,49
20,Summer,Karma,Middle,22,89.6,36
20,Summer,Karma,Support,17,89.6,47
20,Summer,Karma,Top,14,89.6,64
20,Summer,Karthus,Jungle,4,5.2,75
20,Summer,Kassadin,Middle,6,4.3,67
20,Summer,Kayle,Support,1,5.2,100
20,Summer,Kayle,Top,6,5.2,33
20,Summer,Kennen,Top,50,44.1,56
20,Summer,Kha'Zix,Jungle,3,1.4,33
20,Summer,Kindred,Jungle,4,1.9,50
20,Summer,Kled,Top,1,0.5,0
20,Summer,Kog'Maw,ADC,1,0.5,0
20,Summer,LeBlanc,Middle,23,31.3,43
20,Summer,Lee Sin,Jungle,63,40.3,51
20,Summer,Leona,Support,31,22.3,48
20,Summer,Lillia,Jungle,10,8.1,100
20,Summer,Lissandra,Middle,4,2.4,50
20,Summer,Lucian,ADC,7,30.3,57
20,Summer,Lucian,Middle,7,30.3,43
20,Summer,Lucian,Top,13,30.3,38
20,Summer,Lulu,Middle,2,9.0,0
20,Summer,Lulu,Support,13,9.0,46
20,Summer,Lux,Middle,1,7.6,0
20,Summer,Lux,Support,12,7.6,42
20,Summer,Malphite,Top,3,1.9,67
20,Summer,Malzahar,Middle,1,0.5,0
20,Summer,Maokai,ADC,1,4.7,0
20,Summer,Maokai,Support,6,4.7,67
20,Summer,Miss Fortune,ADC,8,3.8,50
20,Summer,Mordekaiser,Top,26,25.6,42
20,Summer,Morgana,Middle,1,8.5,100
20,Summer,Morgana,Support,5,8.5,40
20,Summer,Nautilus,Support,64,45.5,56
20,Summer,Neeko,Middle,2,1.9,0
20,Summer,Neeko,Top,2,1.9,50
20,Summer,Nidalee,Jungle,46,42.2,61
20,Summer,Nocturne,Jungle,1,0.5,0
20,Summer,Olaf,Jungle,58,44.5,53
20,Summer,Orianna,Middle,25,17.5,36
20,Summer,Ornn,Top,28,21.3,43
20,Summer,Pantheon,Middle,2,33.2,0
20,Summer,Pantheon,Support,24,33.2,54
20,Summer,Pantheon,Top,1,33.2,0
20,Summer,Poppy,Jungle,3,6.2,67
20,Summer,Poppy,Support,1,6.2,100
20,Summer,Poppy,Top,2,6.2,0
20,Summer,Pyke,Support,1,1.4,100
20,Summer,Qiyana,Middle,3,4.7,0
20,Summer,Quinn,Top,4,4.7,25
20,Summer,Rakan,Support,10,5.2,40
20,Summer,Rek'Sai,Jungle,15,14.7,53
20,Summer,Renekton,Middle,1,38.9,100
20,Summer,Renekton,Top,43,38.9,56
20,Summer,Rumble,Middle,1,1.9,0
20,Summer,Rumble,Support,2,1.9,0
20,Summer,Ryze,Top,2,0.9,0
20,Summer,Sejuani,Jungle,7,6.2,43
20,Summer,Sejuani,Support,1,6.2,100
20,Summer,Senna,ADC,31,40.3,68
20,Summer,Senna,Support,6,40.3,17
20,Summer,Sett,Jungle,24,91.9,75
20,Summer,Sett,Middle,10,91.9,70
20,Summer,Sett,Support,17,91.9,53
20,Summer,Sett,Top,7,91.9,43
20,Summer,Shen,Support,6,2.8,33
20,Summer,Shyvana,Jungle,1,0.5,0
20,Summer,Sion,Support,1,0.5,0
20,Summer,Sivir,ADC,1,0.9,100
20,Summer,Skarner,Jungle,1,0.9,0
20,Summer,Sona,ADC,1,1.4,0
20,Summer,Soraka,Support,1,0.9,0
20,Summer,Sylas,Middle,34,33.2,50
20,Summer,Sylas,Top,11,33.2,45
20,Summer,Syndra,ADC,3,29.9,33
20,Summer,Syndra,Middle,23,29.9,39
20,Summer,Tahm Kench,Support,31,27.5,52
20,Summer,Taliyah,Jungle,1,0.9,0
20,Summer,Taliyah,Middle,1,0.9,100
20,Summer,Taric,Support,11,14.2,55
20,Summer,Thresh,Support,29,19.0,48
20,Summer,Trundle,Jungle,75,54.5,43
20,Summer,Twisted Fate,Middle,46,85.3,67
20,Summer,Twitch,ADC,1,0.5,100
20,Summer,Urgot,Top,3,2.4,100
20,Summer,Varus,ADC,15,47.4,53
20,Summer,Viktor,Middle,2,0.9,0
20,Summer,Vladimir,Top,4,2.8,75
20,Summer,Volibear,Jungle,53,71.6,57
20,Summer,Volibear,Top,9,71.6,22
20,Summer,Wukong,ADC,1,51.7,0
20,Summer,Wukong,Jungle,1,51.7,0
20,Summer,Wukong,Support,6,51.7,67
20,Summer,Wukong,Top,39,51.7,59
20,Summer,Xayah,ADC,7,3.3,43
20,Summer,Yasuo,ADC,1,0.9,100
20,Summer,Yuumi,Support,20,28.4,40
20,Summer,Zed,Middle,1,0.5,0
20,Summer,Ziggs,ADC,2,1.4,100
20,Summer,Ziggs,Middle,1,1.4,100
20,Summer,Zilean,Support,2,1.4,50
20,Summer,Zoe,Middle,63,60.2,59
20,Summer,Zyra,Support,2,0.9,0
21,Spring,Aatrox,Middle,1,27.0,100
21,Spring,Aatrox,Top,28,27.0,43
21,Spring,Akali,Middle,1,17.2,100
21,Spring,Akali,Top,5,17.2,60
21,Spring,Alistar,Support,89,68.4,48
21,Spring,Aphelios,ADC,43,45.1,51
21,Spring,Ashe,ADC,1,0.5,0
21,Spring,Azir,Middle,62,62.3,50
21,Spring,Blitzcrank,Support,1,0.5,0
21,Spring,Braum,Support,2,0.9,50
21,Spring,Camille,Top,37,40.0,51
21,Spring,Cassiopeia,Middle,1,1.4,0
21,Spring,Cassiopeia,Top,2,1.4,0
21,Spring,Cho'Gath,Top,6,3.3,50
21,Spring,Corki,Middle,2,0.9,50
21,Spring,Dr. Mundo,Jungle,5,3.3,20
21,Spring,Ezreal,ADC,15,13.5,73
21,Spring,Fizz,Top,1,0.5,100
21,Spring,Galio,Middle,6,27.9,33
21,Spring,Galio,Support,22,27.9,55
21,Spring,Gangplank,Top,15,14.0,33
21,Spring,Gnar,Top,81,89.8,44
21,Spring,Gragas,Middle,1,65.1,100
21,Spring,Gragas,Support,27,65.1,52
21,Spring,Gragas,Top,50,65.1,52
21,Spring,Graves,Jungle,55,44.2,51
21,Spring,Hecarim,Jungle,35,34.4,54
21,Spring,Heimerdinger,Support,1,0.5,100
21,Spring,Irelia,Middle,2,19.1,50
21,Spring,Irelia,Top,9,19.1,78
21,Spring,Janna,Support,1,0.5,100
21,Spring,Jarvan IV,Jungle,2,5.1,50
21,Spring,Jarvan IV,Support,5,5.1,60
21,Spring,Jax,Top,1,0.9,0
21,Spring,Jayce,Top,22,25.1,55
21,Spring,Jhin,ADC,13,6.0,23
21,Spring,Jinx,ADC,17,9.8,65
21,Spring,Kai'Sa,ADC,153,87.4,46
21,Spring,Kalista,ADC,16,34.9,63
21,Spring,Karma,Support,2,1.4,50
21,Spring,Karma,Top,1,1.4,0
21,Spring,Karthus,Jungle,2,1.4,50
21,Spring,Kayle,Top,1,0.5,0
21,Spring,Kayn,Jungle,6,4.7,50
21,Spring,Kennen,Top,6,7.9,50
21,Spring,Kindred,Jungle,11,9.3,64
21,Spring,Kled,Top,1,0.5,0
21,Spring,Kog'Maw,ADC,1,0.5,0
21,Spring,LeBlanc,Middle,1,0.5,0
21,Spring,Lee Sin,Jungle,4,1.9,25
21,Spring,Leona,Support,39,22.8,54
21,Spring,Lillia,Jungle,64,57.7,44
21,Spring,Lillia,Middle,1,57.7,100
21,Spring,Lucian,ADC,1,27.9,0
21,Spring,Lucian,Middle,14,27.9,79
21,Spring,Lulu,Support,3,4.7,67
21,Spring,Lulu,Top,2,4.7,50
21,Spring,Malphite,Top,2,1.4,50
21,Spring,Maokai,Support,5,6.0,100
21,Spring,Miss Fortune,ADC,3,1.9,33
21,Spring,Mordekaiser,Top,4,1.9,50
21,Spring,Nasus,Top,1,0.5,0
21,Spring,Nautilus,Support,25,17.2,56
21,Spring,Neeko,Support,2,1.4,100
21,Spring,Neeko,Top,1,1.4,0
21,Spring,Nidalee,Jungle,69,51.2,49
21,Spring,Nocturne,Middle,2,2.8,0
21,Spring,Olaf,Jungle,67,60.0,45
21,Spring,Orianna,Middle,78,60.0,50
21,Spring,Ornn,Top,20,22.8,65
21,Spring,Pantheon,Jungle,18,34.4,44
21,Spring,Pantheon,Middle,2,34.4,0
21,Spring,Pantheon,Support,1,34.4,0
21,Spring,Pantheon,Top,2,34.4,100
21,Spring,Pyke,Support,3,1.4,33
21,Spring,Quinn,Top,5,6.5,60
21,Spring,Rakan,Support,31,25.1,42
21,Spring,Rek'Sai,Jungle,1,0.5,0
21,Spring,Rell,Support,82,80.0,46
21,Spring,Renekton,Middle,3,81.9,67
21,Spring,Renekton,Top,53,81.9,57
21,Spring,Rumble,Middle,1,3.3,100
21,Spring,Rumble,Top,3,3.3,33
21,Spring,Ryze,Middle,4,1.9,25
21,Spring,Samira,ADC,61,49.3,43
21,Spring,Senna,ADC,17,20.5,76
21,Spring,Senna,Support,2,20.5,0
21,Spring,Seraphine,Middle,19,63.3,58
21,Spring,Seraphine,Support,10,63.3,50
21,Spring,Sett,Middle,8,23.7,38
21,Spring,Sett,Support,17,23.7,29
21,Spring,Sett,Top,4,23.7,25
21,Spring,Shen,Support,3,2.3,33
21,Spring,Shen,Top,1,2.3,0
21,Spring,Sion,Middle,5,33.5,40
21,Spring,Sion,Top,46,33.5,54
21,Spring,Sivir,ADC,1,0.5,0
21,Spring,Skarner,Jungle,4,4.2,25
21,Spring,Sylas,Middle,2,7.0,50
21,Spring,Sylas,Top,6,7.0,50
21,Spring,Syndra,Middle,83,61.4,52
21,Spring,Tahm Kench,ADC,1,7.4,0
21,Spring,Tahm Kench,Support,11,7.4,64
21,Spring,Taliyah,Jungle,19,48.4,89
21,Spring,Thresh,Support,44,60.5,57
21,Spring,Tristana,ADC,35,30.2,49
21,Spring,Tristana,Middle,1,30.2,0
21,Spring,Trundle,Jungle,1,0.5,0
21,Spring,Twisted Fate,Middle,14,25.6,21
21,Spring,Udyr,Jungle,66,69.8,53
21,Spring,Varus,ADC,4,2.3,75
21,Spring,Vayne,ADC,8,3.7,50
21,Spring,Veigar,Middle,1,0.5,0
21,Spring,Viktor,Middle,52,34.0,48
21,Spring,Vladimir,Top,1,0.5,0
21,Spring,Volibear,Jungle,1,7.9,100
21,Spring,Volibear,Top,10,7.9,50
21,Spring,Wukong,Top,3,1.4,33
21,Spring,Xayah,ADC,40,23.7,58
21,Spring,Yone,Middle,10,20.9,60
21,Spring,Yuumi,Support,2,0.9,0
21,Spring,Zilean,Middle,3,1.4,67
21,Spring,Zoe,Middle,50,39.5,52
