Year,Season,Player,Team,Pos,W%,KDA,KP,GD10,XPD10,CSD10,DPM
15,Spring,Aci,Samsung Galaxy,Middle,40.0,2.1,67.3,-72,35,1.4,478
15,Spring,Ambotoun,CJ Entus,Jungle,63.0,4.0,72.1,125,197,3.3,229
15,Spring,Aris,Incredible Miracle,Jungle,7.0,1.7,79.1,-101,-125,-0.3,157
15,Spring,Arruw,KT Rolster,ADC,45.0,3.8,73.7,-88,22,-1.4,438
15,Spring,Beng,SK Telecom T1,ADC,72.0,6.4,69.7,20,21,1.6,547
15,Spring,Bingo,SK Telecom T1,Jungle,65.0,3.1,68.3,-109,-185,-2.5,158
15,Spring,BlosS,Samsung Galaxy,Middle,9.0,1.4,63.3,-187,-230,-7.1,325
15,Spring,Ceon,NaJin e-mFire,Support,35.0,2.4,63.5,-20,174,1.0,128
15,Spring,Chesir,Jin Air Green Wings,Jungle,55.0,4.7,77.9,36,23,0.1,162
15,Spring,Chio,Jin Air Green Wings,Support,52.0,3.3,72.7,34,-85,-3.0,103
15,Spring,Cucu,CJ Entus,Middle,63.0,4.7,69.2,107,173,1.7,571
15,Spring,Cpt Jeck,Jin Air Green Wings,ADC,75.0,4.4,68.0,-19,-109,1.3,510
15,Spring,CaVii,Samsung Galaxy,Top,19.0,1.8,71.5,-77,-239,-5.3,348
15,Spring,Daki,NaJin e-mFire,Top,42.0,3.2,63.9,137,156,6.1,404
15,Spring,Eesyhuun,SK Telecom T1,Middle,75.0,9.2,71.0,136,211,5.2,533
15,Spring,Evi,Samsung Galaxy,Jungle,19.0,2.3,73.9,-26,-48,0.9,264
15,Spring,Fekir,SK Telecom T1,Middle,70.0,4.4,71.2,192,78,4.9,687
15,Spring,Foxir,KT Rolster,Support,59.0,3.5,72.1,-18,18,3.1,129
15,Spring,Fruzin,Incredible Miracle,Middle,26.0,3.4,69.4,-56,-29,1.4,531
15,Spring,Fary,Samsung Galaxy,ADC,19.0,2.8,74.6,-73,126,-0.6,503
15,Spring,GBM,Jin Air Green Wings,Middle,53.0,4.9,74.0,12,-42,-2.8,571
15,Spring,Gguung,NaJin e-mFire,Middle,40.0,3.3,67.9,-243,-146,-5.6,500
15,Spring,GurollA,ROX Tigers,Support,81.0,4.5,70.1,2,-24,-1.2,116
15,Spring,Hecheno,KT Rolster,Support,31.0,1.7,72.0,54,-110,-0.3,122
15,Spring,Hujon,ROX Tigers,Jungle,81.0,4.2,68.6,7,-53,-3.1,195
15,Spring,Karu,ROX Tigers,Middle,81.0,5.0,66.5,27,78,3.0,550
15,Spring,Lolec,Incredible Miracle,Top,26.0,1.4,63.0,-114,-103,-4.7,367
15,Spring,MedLofi,CJ Entus,Support,63.0,4.0,71.9,-22,-102,-1.5,136
15,Spring,MeRon,SK Telecom T1,Top,72.0,4.0,58.0,46,63,3.4,408
15,Spring,Negni,KT Rolster,Middle,45.0,2.8,66.4,-9,-70,0.3,428
15,Spring,Ohq,NaJin e-mFire,ADC,44.0,4.2,73.1,248,67,7.9,492
15,Spring,Pienat,NaJin e-mFire,Jungle,36.0,2.6,71.4,-232,-9,-2.6,211
15,Spring,Poccebuu,SK Telecom T1,Support,67.0,3.8,69.6,2,-111,-1.0,150
15,Spring,Polut,Jin Air Green Wings,ADC,40.0,4.7,78.1,115,-67,-1.2,568
15,Spring,PreY,ROX Tigers,ADC,81.0,7.8,70.5,104,-6,2.7,588
15,Spring,Pari,NaJin e-mFire,Support,54.0,3.5,70.6,27,94,1.9,106
15,Spring,Scuri,KT Rolster,Jungle,45.0,3.0,77.7,24,8,-0.1,162
15,Spring,Shy,CJ Entus,Top,63.0,4.3,61.2,-82,25,0.1,378
15,Spring,Smib,ROX Tigers,Top,81.0,5.4,72.2,128,135,2.8,445
15,Spring,Sunster,Incredible Miracle,ADC,26.0,2.6,69.8,-195,-179,-6.5,449
15,Spring,Speci,CJ Entus,ADC,63.0,5.0,72.7,-38,18,-2.6,602
15,Spring,Ssamdey,KT Rolster,Top,45.0,3.7,61.9,39,-30,0.7,357
15,Spring,Swiit,Jin Air Green Wings,Support,67.0,6.2,78.7,-58,60,-10.0,84
15,Spring,Tenk,NaJin e-mFire,Middle,46.0,3.1,68.9,147,16,-1.2,473
15,Spring,Tum,SK Telecom T1,Jungle,100.0,8.1,65.0,467,307,4.3,163
15,Spring,TrAci,Jin Air Green Wings,Top,53.0,3.8,64.6,-79,-3,-3.3,362
15,Spring,TasoN,Incredible Miracle,Support,26.0,2.1,75.8,80,113,2.8,110
15,Spring,Wetch,NaJin e-mFire,Jungle,45.0,3.0,72.5,-115,-19,0.2,188
15,Spring,Wongid,Jin Air Green Wings,Jungle,0.0,1.5,60.0,121,66,5.0,135
15,Spring,Wosdum,Incredible Miracle,Jungle,44.0,2.4,76.6,76,64,1.3,187
15,Spring,Wulf,SK Telecom T1,Support,75.0,5.7,71.4,132,134,-0.8,142
15,Spring,Wreoth,Samsung Galaxy,Support,19.0,2.3,71.2,-175,-58,1.4,107
15,Spring,Zife,NaJin e-mFire,ADC,33.0,4.3,70.3,33,73,1.5,389
15,Summer,Ambotoun,CJ Entus,Jungle,62.0,4.2,76.2,7,124,3.3,249
15,Summer,Appli,Incredible Miracle,Top,24.0,2.3,65.8,-77,-144,-3.8,371
15,Summer,Arruw,KT Rolster,ADC,64.0,7.1,73.5,0,-1,-0.4,549
15,Summer,Beng,SK Telecom T1,ADC,85.0,6.0,60.2,93,139,2.3,567
15,Summer,Bingo,SK Telecom T1,Jungle,83.0,5.5,64.4,79,-45,-2.0,264
15,Summer,BlosS,Samsung Galaxy,Jungle,0.0,3.0,100.0,315,342,17.0,213
15,Summer,Cetch,SBENU Korea,Jungle,19.0,1.8,70.0,-175,-76,1.4,191
15,Summer,Chesir,Jin Air Green Wings,Jungle,53.0,4.9,77.9,83,23,1.4,245
15,Summer,Chio,Jin Air Green Wings,Support,46.0,3.7,70.9,-36,23,-0.4,112
15,Summer,Cucu,CJ Entus,Middle,59.0,4.3,74.8,8,82,0.4,674
15,Summer,Cpt Jeck,Jin Air Green Wings,ADC,50.0,5.1,68.6,-9,142,1.9,511
15,Summer,Cruwn,Samsung Galaxy,Middle,37.0,2.6,63.7,-11,73,3.7,478
15,Summer,CaVii,Samsung Galaxy,Top,37.0,2.3,64.7,-9,-128,-1.8,361
15,Summer,cvMex,Rebels Anarchy,Top,33.0,2.4,65.0,93,3,1.0,434
15,Summer,DAN,SBENU Korea,ADC,0.0,3.0,75.0,-293,-29,-11.0,288
15,Summer,DO IT,SBENU Korea,Middle,0.0,1.2,66.7,-444,-87,2.0,482
15,Summer,Daki,NaJin e-mFire,Top,58.0,4.4,64.7,83,132,3.9,355
15,Summer,Eesyhuun,SK Telecom T1,Middle,92.0,4.3,63.0,59,145,5.3,585
15,Summer,Edgi,KT Rolster,Middle,50.0,3.3,66.7,135,92,0.3,526
15,Summer,Evi,Samsung Galaxy,Jungle,38.0,3.2,72.6,-131,-57,-1.1,246
15,Summer,Expissoun,Incredible Miracle,Top,31.0,1.3,51.9,-188,-308,-9.3,344
15,Summer,Fekir,SK Telecom T1,Middle,83.0,5.4,66.9,180,182,5.4,656
15,Summer,Foxir,KT Rolster,Support,52.0,3.9,73.2,60,88,1.4,131
15,Summer,Fruzin,Incredible Miracle,Middle,29.0,2.7,68.1,-26,-84,-0.8,536
15,Summer,Fary,Samsung Galaxy,ADC,37.0,3.5,75.0,5,127,1.5,525
15,Summer,GBM,Jin Air Green Wings,Middle,52.0,5.8,72.2,-22,-75,-3.5,483
15,Summer,Gguung,NaJin e-mFire,Middle,57.0,4.4,71.4,10,-4,-1.5,525
15,Summer,GurollA,ROX Tigers,Support,62.0,3.7,76.1,23,139,-1.3,161
15,Summer,Hilpir,CJ Entus,Top,38.0,2.0,67.9,-106,-99,-1.5,420
15,Summer,Hujon,ROX Tigers,Jungle,76.0,7.4,75.2,-9,-167,-3.9,260
15,Summer,IgNer,Incredible Miracle,Support,29.0,2.5,75.2,-70,-15,0.0,122
15,Summer,okssa,Rebels Anarchy,Top,37.0,2.1,68.9,-110,-37,-3.7,343
15,Summer,Karu,ROX Tigers,Middle,62.0,6.0,73.3,-45,-33,-3.9,573
15,Summer,Kazen,Jin Air Green Wings,Middle,56.0,3.6,66.3,68,112,5.6,435
15,Summer,Lolec,Incredible Miracle,Jungle,0.0,1.0,78.6,-496,-520,-8.5,227
15,Summer,Lolec,Incredible Miracle,Top,50.0,2.7,61.4,-226,6,-5.5,433
15,Summer,Lore,Rebels Anarchy,Jungle,37.0,2.6,73.3,72,135,2.0,219
15,Summer,Lane,Samsung Galaxy,Support,27.0,1.6,61.6,-79,7,-2.1,135
15,Summer,MedLofi,CJ Entus,Support,64.0,4.4,74.7,9,-142,1.5,147
15,Summer,MeRon,SK Telecom T1,Top,85.0,4.9,62.0,247,174,7.6,512
15,Summer,Mex,CJ Entus,Support,0.0,0.5,45.0,-35,-454,-1.8,70
15,Summer,Mockiy,Rebels Anarchy,Middle,37.0,2.2,72.1,28,-28,0.4,561
15,Summer,Negni,KT Rolster,Middle,67.0,5.1,71.0,96,20,3.8,553
15,Summer,Niu,Incredible Miracle,Jungle,40.0,1.6,51.1,111,118,1.4,173
15,Summer,Naclier,SBENU Korea,ADC,19.0,2.8,75.1,-166,-234,-5.6,466
15,Summer,Ohq,NaJin e-mFire,ADC,58.0,5.7,70.4,115,74,2.9,532
15,Summer,Peregun,Incredible Miracle,ADC,100.0,12.0,52.2,-374,227,-17.0,453
15,Summer,Pienat,NaJin e-mFire,Jungle,100.0,10.0,71.4,505,385,4.0,315
15,Summer,Poccebuu,KT Rolster,Support,74.0,4.4,72.1,68,-89,0.5,113
15,Summer,Polut,Jin Air Green Wings,ADC,54.0,6.3,79.9,39,-55,-0.7,494
15,Summer,PreY,ROX Tigers,ADC,62.0,4.5,73.3,-17,-200,0.6,571
15,Summer,Pari,NaJin e-mFire,Support,58.0,3.3,68.0,16,-4,0.4,123
15,Summer,Ruer,Incredible Miracle,ADC,28.0,2.6,68.2,6,-84,1.8,517
15,Summer,Sengyuun,Rebels Anarchy,ADC,37.0,2.6,63.8,4,-96,-0.2,466
15,Summer,SeSon,SBENU Korea,Middle,20.0,1.9,69.8,-203,-170,-5.5,499
15,Summer,Scuri,KT Rolster,Jungle,64.0,5.7,71.5,17,-81,-2.1,211
15,Summer,Sicrit,SBENU Korea,Support,21.0,1.4,68.7,-45,-45,-0.3,123
15,Summer,Shy,CJ Entus,Top,63.0,4.0,64.3,1,-21,-0.6,396
15,Summer,Smib,ROX Tigers,Top,62.0,4.4,70.4,98,116,4.7,440
15,Summer,SnuwFluwir,Rebels Anarchy,Support,37.0,1.9,70.0,-1,-8,0.1,144
15,Summer,SueR,SBENU Korea,Top,0.0,0.6,52.6,-347,-119,-9.3,261
15,Summer,Sunster,Incredible Miracle,ADC,22.0,3.8,76.0,-155,165,-6.3,571
15,Summer,Sual,SBENU Korea,Top,21.0,1.7,67.4,-184,-158,-4.6,389
15,Summer,Speci,CJ Entus,ADC,59.0,3.7,68.8,-17,182,-0.8,579
15,Summer,Ssamdey,KT Rolster,Top,64.0,5.2,71.0,91,127,2.4,359
15,Summer,Swiit,Jin Air Green Wings,Support,61.0,3.8,74.8,-25,95,-0.3,112
15,Summer,Tenk,NaJin e-mFire,Middle,100.0,6.0,42.9,172,-375,-7.0,498
15,Summer,Tum,SK Telecom T1,Jungle,100.0,3.7,60.5,-79,-254,-2.2,170
15,Summer,TrAci,Jin Air Green Wings,Top,52.0,4.2,68.5,-60,-16,-1.7,365
15,Summer,Trock,CJ Entus,Jungle,43.0,3.4,79.5,57,30,2.1,277
15,Summer,TasoN,Incredible Miracle,Jungle,29.0,2.7,71.7,-38,31,0.2,242
15,Summer,vovoD,SBENU Korea,Support,11.0,1.9,78.7,101,-77,0.9,125
15,Summer,Wetch,NaJin e-mFire,Jungle,57.0,3.9,70.1,35,-17,-2.7,227
15,Summer,Wongid,Jin Air Green Wings,Jungle,50.0,6.7,71.4,-109,-210,-7.5,129
15,Summer,Wosdum,ROX Tigers,Jungle,52.0,3.1,67.7,114,132,2.9,225
15,Summer,Wulf,SK Telecom T1,Support,85.0,7.2,70.4,84,85,-1.0,103
15,Summer,Wreoth,Samsung Galaxy,Support,48.0,5.0,76.2,-76,-14,2.0,108
16,Spring,Ambotoun,Samsung Galaxy,Jungle,50.0,3.3,74.1,170,318,4.0,386
16,Spring,Arruw,KT Rolster,ADC,67.0,5.6,69.7,10,91,1.9,497
16,Spring,Beng,SK Telecom T1,ADC,63.0,6.3,69.5,80,70,2.7,590
16,Spring,Bdd,CJ Entus,Middle,41.0,3.2,83.3,-76,-17,-0.6,500
16,Spring,Bingo,SK Telecom T1,Jungle,65.0,3.4,67.3,-278,-340,-3.9,268
16,Spring,Blenk,SK Telecom T1,Jungle,63.0,5.0,70.7,26,-30,1.5,340
16,Spring,Babblong,CJ Entus,Jungle,41.0,2.5,67.8,-252,-289,-4.9,277
16,Spring,Chesir,Longzhu Gaming,Jungle,44.0,3.7,76.0,59,54,0.2,301
16,Spring,Chio,Jin Air Green Wings,Support,55.0,3.8,73.5,18,84,0.5,107
16,Spring,Cucu,Longzhu Gaming,Middle,45.0,2.9,68.4,11,-78,-0.6,574
16,Spring,CuriJJ,Samsung Galaxy,ADC,50.0,4.2,74.5,-43,179,-0.7,460
16,Spring,Cpt Jeck,Longzhu Gaming,ADC,61.0,3.7,62.5,43,-93,1.1,561
16,Spring,Cresh,Longzhu Gaming,Jungle,64.0,2.7,72.6,324,621,7.0,347
16,Spring,Cruwn,Samsung Galaxy,Middle,50.0,3.5,75.1,-24,40,0.6,557
16,Spring,Crash,Kongdoo Monster,Jungle,20.0,2.2,71.9,-165,-206,-1.1,288
16,Spring,Crash,e-mFire,Jungle,17.0,1.9,73.1,-219,-83,-1.6,266
16,Spring,CaVii,Samsung Galaxy,Top,50.0,2.6,67.1,-32,-195,-2.3,357
16,Spring,Daki,SK Telecom T1,Top,63.0,4.2,65.0,64,266,4.1,388
16,Spring,Edgi,Kongdoo Monster,Middle,20.0,2.9,73.5,5,7,1.2,553
16,Spring,Edgi,e-mFire,Middle,17.0,2.6,70.0,-113,56,0.1,463
16,Spring,Expissoun,Longzhu Gaming,Top,50.0,3.6,64.7,189,223,5.4,345
16,Spring,Fekir,SK Telecom T1,Middle,65.0,4.2,74.1,26,17,4.1,638
16,Spring,Flemi,Longzhu Gaming,Top,47.0,3.3,65.2,114,80,4.8,377
16,Spring,Flewliss,SBENU Korea,Jungle,22.0,1.6,69.8,-157,-195,-1.8,271
16,Spring,Fly,KT Rolster,Middle,67.0,4.6,72.6,-68,-16,-3.3,497
16,Spring,Fruzin,Longzhu Gaming,Middle,60.0,4.7,69.6,159,-32,0.3,482
16,Spring,Fary,Longzhu Gaming,ADC,27.0,3.3,65.7,-26,-23,-1.5,502
16,Spring,GurollA,ROX Tigers,Support,83.0,5.7,72.4,17,123,0.1,117
16,Spring,GaGir,e-mFire,Support,17.0,1.8,75.4,-52,-32,1.8,104
16,Spring,GaGir,Kongdoo Monster,Support,20.0,1.9,72.4,9,-31,0.7,142
16,Spring,Hecheno,KT Rolster,Support,68.0,3.9,73.6,46,-47,-0.2,121
16,Spring,Hopu,Kongdoo Monster,Top,18.0,1.3,60.8,-132,-92,-2.2,335
16,Spring,Hopu,e-mFire,Top,21.0,1.3,57.7,-355,-331,-12.9,264
16,Spring,IgNer,KT Rolster,Support,67.0,3.6,72.0,-139,-475,-0.7,98
16,Spring,okssa,Afreeca Freecs,Top,52.0,2.8,69.3,-68,-82,-4.0,380
16,Spring,Kremir,CJ Entus,ADC,41.0,4.9,76.5,-39,58,-0.5,617
16,Spring,Karu,ROX Tigers,Middle,83.0,7.2,68.8,120,42,-2.4,530
16,Spring,Kazen,Jin Air Green Wings,Middle,55.0,4.3,73.2,99,97,6.2,493
16,Spring,Lore,Afreeca Freecs,Jungle,52.0,3.6,73.7,6,-34,-0.4,340
16,Spring,MedLofi,CJ Entus,Support,41.0,3.6,78.0,-9,-13,-0.3,114
16,Spring,Mockiy,Afreeca Freecs,Middle,52.0,3.3,69.8,89,6,0.1,504
16,Spring,Naclier,SBENU Korea,ADC,22.0,2.8,73.6,-29,-120,-1.4,413
16,Spring,Pienat,ROX Tigers,Jungle,83.0,6.1,74.2,193,68,0.0,388
16,Spring,Polut,Jin Air Green Wings,ADC,55.0,5.4,73.7,-6,8,-0.6,455
16,Spring,PreY,ROX Tigers,ADC,83.0,6.5,68.3,117,-97,1.1,537
16,Spring,Pari,Longzhu Gaming,Support,49.0,4.3,72.1,-35,-63,-2.3,112
16,Spring,Ruech,e-mFire,Top,0.0,1.2,69.2,-128,-500,-9.5,300
16,Spring,Ruech,Kongdoo Monster,Top,33.0,0.7,40.0,-627,-526,-20.7,378
16,Spring,Sengyuun,Afreeca Freecs,ADC,52.0,5.3,74.7,11,-4,0.7,523
16,Spring,SeSon,SBENU Korea,Middle,22.0,2.0,76.0,-150,-72,-3.6,528
16,Spring,Scuri,KT Rolster,Jungle,67.0,4.6,76.8,72,126,1.2,369
16,Spring,Scuat,SK Telecom T1,Middle,0.0,1.0,100.0,-86,-121,-5.0,379
16,Spring,Sicrit,SBENU Korea,Support,22.0,2.0,72.9,3,123,1.0,109
16,Spring,Sky,CJ Entus,Middle,42.0,2.8,69.8,-96,-111,-2.8,462
16,Spring,Smib,ROX Tigers,Top,83.0,5.4,67.0,185,198,4.9,507
16,Spring,SnuwFluwir,Afreeca Freecs,Support,52.0,4.1,77.6,62,77,-1.4,141
16,Spring,SueR,SBENU Korea,Top,20.0,2.1,65.6,34,159,5.3,309
16,Spring,SuHwen,Jin Air Green Wings,Top,0.0,0.3,25.0,-678,-559,-16.0,198
16,Spring,Sual,SBENU Korea,Top,23.0,1.7,66.7,-133,-191,-3.2,334
16,Spring,SS,Kongdoo Monster,ADC,20.0,2.4,68.9,-38,21,-0.2,550
16,Spring,SS,e-mFire,ADC,17.0,3.0,74.6,-36,-119,-3.3,447
16,Spring,Ssamdey,KT Rolster,Top,67.0,3.9,72.6,35,-71,-0.7,487
16,Spring,Stotch,Samsung Galaxy,ADC,50.0,3.2,65.4,-240,-75,-5.3,462
16,Spring,TrAci,Jin Air Green Wings,Top,56.0,4.1,70.4,14,24,-1.1,431
16,Spring,Untere,CJ Entus,Top,41.0,2.7,72.3,3,74,3.6,332
16,Spring,Wongid,Jin Air Green Wings,Jungle,55.0,4.5,73.9,143,124,2.0,298
16,Spring,Wulf,SK Telecom T1,Support,63.0,4.7,68.7,-41,-106,0.2,104
16,Spring,Wreoth,Samsung Galaxy,Support,50.0,4.1,68.6,-28,-111,1.3,79
16,Spring,Zzas,Longzhu Gaming,Support,50.0,2.2,57.1,-100,-46,-2.3,115
16,Summer,ADD,MVP,Top,44.0,2.4,69.6,-160,-334,-8.5,443
16,Summer,Ambotoun,Samsung Galaxy,Jungle,60.0,3.1,70.4,38,160,0.4,341
16,Summer,Arruw,KT Rolster,ADC,66.0,5.6,71.1,33,8,-1.9,523
16,Summer,Beng,SK Telecom T1,ADC,68.0,6.3,73.7,37,88,4.2,712
16,Summer,Bdd,CJ Entus,Middle,26.0,3.3,79.2,16,10,-0.5,539
16,Summer,Bingo,SK Telecom T1,Jungle,57.0,3.5,73.5,-154,-174,-2.9,327
16,Summer,Biyund,MVP,Jungle,44.0,2.7,77.6,-42,185,1.3,359
16,Summer,Blenc,Jin Air Green Wings,Middle,50.0,2.9,60.3,49,-210,-6.0,502
16,Summer,Blenk,SK Telecom T1,Jungle,74.0,3.7,70.3,-127,-253,-1.5,328
16,Summer,Bliss,ESC Ever,Jungle,36.0,2.5,72.2,0,-80,0.6,338
16,Summer,Babblong,CJ Entus,Jungle,0.0,3.0,85.7,-1452,-1215,-22.0,314
16,Summer,Chesir,Longzhu Gaming,Jungle,26.0,3.5,77.9,114,69,1.4,305
16,Summer,Chio,Jin Air Green Wings,Support,41.0,2.5,71.3,-73,-37,-0.3,105
16,Summer,Cucu,Longzhu Gaming,Middle,25.0,3.3,75.7,31,103,4.1,584
16,Summer,CuriJJ,Samsung Galaxy,Support,0.0,0.3,100.0,-89,505,-6.3,199
16,Summer,Cresh,Longzhu Gaming,Jungle,56.0,4.2,76.7,273,362,4.5,328
16,Summer,Crezy,ESC Ever,Top,36.0,2.9,62.5,-59,-94,0.9,372
16,Summer,Cruwn,Samsung Galaxy,Middle,60.0,3.3,70.2,121,116,4.3,657
16,Summer,CaVii,Samsung Galaxy,Top,59.0,2.6,63.0,73,125,1.1,387
16,Summer,Daki,SK Telecom T1,Top,68.0,3.6,62.0,165,273,6.6,455
16,Summer,Empirur,Longzhu Gaming,ADC,25.0,2.3,76.9,-220,-100,-1.4,502
16,Summer,Expissoun,Longzhu Gaming,Top,39.0,3.0,64.8,2,50,1.7,477
16,Summer,Fekir,SK Telecom T1,Middle,68.0,4.3,70.4,43,86,1.1,677
16,Summer,Fly,KT Rolster,Middle,66.0,5.3,67.7,-91,30,-2.5,580
16,Summer,Fruzin,Longzhu Gaming,Middle,59.0,3.9,72.4,-69,-67,-4.5,595
16,Summer,Fary,Longzhu Gaming,ADC,42.0,4.2,69.4,7,32,0.7,554
16,Summer,Ghust,CJ Entus,ADC,0.0,1.2,85.7,-265,-472,-8.5,301
16,Summer,GurollA,ROX Tigers,Support,75.0,4.2,69.2,1,-8,1.3,131
16,Summer,Hecheno,KT Rolster,Support,66.0,3.9,73.2,51,-23,0.7,130
16,Summer,Hera,CJ Entus,Jungle,28.0,2.3,73.8,10,-45,0.8,306
16,Summer,Hilpir,Samsung Galaxy,Top,67.0,4.0,58.5,78,353,4.7,478
16,Summer,Ien,MVP,Middle,44.0,3.7,67.1,43,52,0.2,600
16,Summer,okssa,Afreeca Freecs,Top,53.0,3.3,72.2,19,-121,-1.9,400
16,Summer,Kiy,ESC Ever,Support,36.0,2.5,71.5,74,-49,2.7,103
16,Summer,Kremir,CJ Entus,ADC,29.0,3.5,75.3,-41,-14,-1.5,505
16,Summer,Karu,ROX Tigers,Middle,82.0,6.4,71.4,-125,-18,-5.0,670
16,Summer,Kazen,Jin Air Green Wings,Middle,41.0,3.7,73.4,6,-38,5.3,540
16,Summer,Londereng,Afreeca Freecs,Top,27.0,2.9,77.7,98,148,-1.1,398
16,Summer,Lore,Afreeca Freecs,Jungle,53.0,4.1,77.2,2,-8,0.1,345
16,Summer,LukiN,ESC Ever,ADC,36.0,3.4,72.0,31,83,0.5,433
16,Summer,MedLofi,CJ Entus,Support,27.0,2.8,76.8,-28,15,-1.7,134
16,Summer,MeHe,MVP,ADC,44.0,3.2,68.3,-74,-216,-4.1,507
16,Summer,Mex,MVP,Support,44.0,3.4,71.2,7,188,-0.3,141
16,Summer,Mockiy,Afreeca Freecs,Middle,47.0,3.1,75.3,74,-92,0.6,620
16,Summer,Pert,ESC Ever,Top,0.0,1.5,60.0,464,-36,1.0,160
16,Summer,Pienat,ROX Tigers,Jungle,75.0,6.3,75.3,-72,13,0.7,407
16,Summer,Polut,Jin Air Green Wings,ADC,42.0,4.4,74.0,-42,-81,-0.8,521
16,Summer,PreY,ROX Tigers,ADC,75.0,4.7,70.0,124,76,4.8,665
16,Summer,Pari,Longzhu Gaming,Support,39.0,3.1,71.9,-29,12,1.1,130
16,Summer,Ralir,Samsung Galaxy,ADC,60.0,3.7,74.0,6,-5,-1.4,533
16,Summer,Sengyuun,Afreeca Freecs,ADC,47.0,4.2,73.4,-20,75,0.5,497
16,Summer,Scuri,KT Rolster,Jungle,66.0,7.0,74.9,86,-39,-0.7,365
16,Summer,SiungHwen,Afreeca Freecs,Jungle,14.0,2.7,79.3,-149,-403,-12.3,310
16,Summer,Shy,CJ Entus,Top,44.0,2.8,51.3,-260,-257,-6.1,311
16,Summer,Sky,CJ Entus,Middle,29.0,2.3,72.1,-148,-220,-3.4,548
16,Summer,Smib,ROX Tigers,Top,75.0,4.7,70.5,140,117,5.7,480
16,Summer,SnuwFluwir,Afreeca Freecs,Support,47.0,3.3,75.5,-13,-97,-0.7,122
16,Summer,SuHwen,Jin Air Green Wings,Top,0.0,0.5,33.3,-434,-933,-15.0,155
16,Summer,Ssamdey,KT Rolster,Top,66.0,4.5,69.6,133,190,4.1,470
16,Summer,Swiit,Jin Air Green Wings,Support,50.0,2.8,84.3,-91,120,-2.6,157
16,Summer,Timpt,ESC Ever,Middle,36.0,2.9,72.0,-5,-20,-1.0,505
16,Summer,Tuturu,ESC Ever,Support,33.0,1.7,70.3,100,-133,2.8,86
16,Summer,TrAci,Jin Air Green Wings,Top,43.0,2.4,60.9,-92,-54,-4.6,386
16,Summer,Untere,CJ Entus,Top,18.0,2.3,66.4,-199,-158,-3.7,314
16,Summer,Wongid,Jin Air Green Wings,Jungle,42.0,3.5,72.3,-14,-41,-1.2,305
16,Summer,Wulf,SK Telecom T1,Support,68.0,4.2,71.4,-22,24,-1.1,144
16,Summer,Wreoth,Samsung Galaxy,Support,65.0,3.9,70.9,38,-59,-1.0,110
16,Summer,Zit,ROX Tigers,Middle,58.0,3.2,66.2,-158,-84,-4.5,516
17,Spring,ADD,MVP,Top,51.0,2.4,61.2,-17,-55,-0.3,450
17,Spring,Ambotoun,Samsung Galaxy,Jungle,58.0,3.0,66.0,-18,117,7.2,323
17,Spring,Beng,SK Telecom T1,ADC,76.0,6.5,63.3,207,90,8.2,601
17,Spring,Biyund,MVP,Jungle,51.0,2.6,69.9,-17,96,3.7,331
17,Spring,Blenk,SK Telecom T1,Jungle,100.0,9.2,71.3,-135,-213,-4.5,367
17,Spring,Bliss,bbq Olivers,Jungle,36.0,2.2,60.0,-152,-125,0.6,259
17,Spring,CuriJJ,Samsung Galaxy,Support,71.0,5.4,65.6,78,57,0.5,268
17,Spring,Cresh,Longzhu Gaming,Jungle,44.0,2.7,64.7,25,-44,-1.2,289
17,Spring,Crezy,bbq Olivers,Top,37.0,3.6,63.5,-2,5,2.9,368
17,Spring,Cruwn,Samsung Galaxy,Middle,71.0,4.2,64.0,215,149,5.9,567
17,Spring,CaVii,Samsung Galaxy,Top,71.0,3.8,58.5,61,29,0.1,378
17,Spring,Dift,KT Rolster,ADC,66.0,4.7,63.1,257,103,7.1,590
17,Spring,Edgi,Kongdoo Monster,Middle,27.0,3.0,69.4,-51,-13,-2.9,430
17,Spring,Expissoun,Longzhu Gaming,Top,44.0,2.8,61.1,5,67,1.1,407
17,Spring,Fekir,SK Telecom T1,Middle,76.0,4.7,65.5,52,82,1.4,560
17,Spring,Fly,Longzhu Gaming,Middle,44.0,3.5,66.9,-127,-95,-6.0,493
17,Spring,Ghust,bbq Olivers,ADC,36.0,3.2,70.7,-154,-109,-5.9,465
17,Spring,GurollA,Longzhu Gaming,Support,44.0,2.5,65.9,-26,101,-0.9,237
17,Spring,GaGir,Kongdoo Monster,Support,27.0,2.2,70.0,-46,-59,-1.3,234
17,Spring,Hera,Samsung Galaxy,Jungle,77.0,4.2,68.5,250,223,2.0,305
17,Spring,Hano,SK Telecom T1,Top,76.0,5.1,63.3,-10,-31,-2.6,559
17,Spring,Ien,MVP,Middle,51.0,2.6,63.6,-162,-182,-5.0,478
17,Spring,okssa,Jin Air Green Wings,Top,25.0,2.4,58.9,-83,-107,-3.5,350
17,Spring,Kiy,ROX Tigers,Support,45.0,2.7,67.3,-29,-157,-0.4,211
17,Spring,Kremir,Afreeca Freecs,ADC,54.0,5.6,65.7,-141,-64,-4.1,471
17,Spring,Karu,Afreeca Freecs,Middle,54.0,3.7,68.4,-31,93,0.2,483
17,Spring,Kazen,Jin Air Green Wings,Middle,32.0,3.4,64.8,14,-21,2.7,485
17,Spring,Londereng,ROX Tigers,Top,32.0,2.5,60.4,-48,-96,-3.6,341
17,Spring,MeHe,MVP,ADC,51.0,3.4,67.8,-188,-196,-4.9,481
17,Spring,MeRon,Afreeca Freecs,Top,54.0,3.1,62.9,-11,104,3.6,422
17,Spring,Mete,KT Rolster,Support,66.0,3.6,62.0,75,66,-1.7,182
17,Spring,Mex,MVP,Support,51.0,2.9,68.0,60,188,4.5,212
17,Spring,Mockiy,ROX Tigers,Middle,45.0,2.7,74.1,61,-131,2.0,565
17,Spring,Moghtybier,ROX Tigers,Jungle,63.0,3.9,65.3,-43,-87,0.2,304
17,Spring,Muwglo,Afreeca Freecs,Jungle,67.0,3.5,61.1,-220,-67,4.0,265
17,Spring,Pert,bbq Olivers,Top,33.0,1.6,72.2,-513,-582,-16.0,361
17,Spring,PewN,KT Rolster,Middle,66.0,3.4,61.9,7,132,-1.2,510
17,Spring,Pienat,SK Telecom T1,Jungle,72.0,5.1,65.0,133,45,0.0,294
17,Spring,PreY,Longzhu Gaming,ADC,44.0,2.9,64.7,148,4,5.7,526
17,Spring,Prufot,SK Telecom T1,Top,78.0,8.7,69.6,-62,-93,0.2,429
17,Spring,Panch,Kongdoo Monster,Jungle,27.0,2.0,70.1,18,-17,-2.6,237
17,Spring,Reosi,Jin Air Green Wings,Jungle,57.0,2.8,63.4,-62,-154,-5.3,243
17,Spring,Ruech,Kongdoo Monster,Top,27.0,1.8,57.7,-121,-14,-4.4,315
17,Spring,Ralir,Samsung Galaxy,ADC,74.0,5.2,64.4,33,53,-1.3,486
17,Spring,Sengyuun,ROX Tigers,ADC,45.0,4.2,67.0,-155,-21,-6.6,463
17,Spring,Scuri,KT Rolster,Jungle,66.0,4.6,69.5,103,-5,-1.5,331
17,Spring,Sicrit,Kongdoo Monster,Support,25.0,1.7,71.4,-32,-84,-0.3,130
17,Spring,SiungHwen,ROX Tigers,Jungle,35.0,2.4,67.7,3,-84,-0.3,306
17,Spring,Shy,ROX Tigers,Top,54.0,3.6,58.9,159,46,2.6,363
17,Spring,Smib,KT Rolster,Top,66.0,3.3,62.4,124,31,2.2,497
17,Spring,SnuwFluwir,Jin Air Green Wings,Support,32.0,2.3,68.2,1,-108,-0.2,211
17,Spring,SuHwen,Jin Air Green Wings,Top,50.0,2.6,62.0,11,9,1.1,477
17,Spring,Sporot,Afreeca Freecs,Jungle,51.0,3.6,70.3,-39,117,0.3,278
17,Spring,SS,Kongdoo Monster,ADC,27.0,2.7,70.4,9,73,-1.2,505
17,Spring,Stotch,Samsung Galaxy,ADC,63.0,4.3,58.9,29,-84,0.6,381
17,Spring,Tiddy,Jin Air Green Wings,ADC,32.0,4.2,69.4,12,105,3.6,522
17,Spring,Timpt,bbq Olivers,Middle,36.0,3.4,70.9,39,7,3.3,483
17,Spring,Tuturu,bbq Olivers,Support,36.0,3.5,70.5,-98,-115,-1.3,202
17,Spring,TasoN,Afreeca Freecs,Support,54.0,3.3,68.2,-23,-51,0.4,186
17,Spring,UmTo,Jin Air Green Wings,Jungle,27.0,2.2,66.2,-156,-80,-2.2,286
17,Spring,Wulf,SK Telecom T1,Support,76.0,5.5,65.8,61,133,0.1,225
17,Spring,Wreoth,Samsung Galaxy,Support,71.0,3.1,59.8,-208,-179,2.0,118
17,Summer,ADD,MVP,Top,31.0,1.6,59.8,-227,-252,-8.2,409
17,Summer,Ambotoun,Samsung Galaxy,Jungle,68.0,3.8,65.0,53,121,5.0,255
17,Summer,Beng,SK Telecom T1,ADC,63.0,4.9,68.0,77,90,3.1,550
17,Summer,Bdd,Longzhu Gaming,Middle,70.0,11.3,78.0,159,128,2.7,511
17,Summer,Biyund,MVP,Jungle,31.0,2.5,75.0,-68,91,6.6,237
17,Summer,Blenk,SK Telecom T1,Jungle,82.0,4.1,69.3,132,-34,-4.9,250
17,Summer,Bliss,bbq Olivers,Jungle,29.0,2.0,63.0,-104,-108,-3.3,209
17,Summer,Ciptid,Ever8 Winners,Middle,27.0,2.4,71.3,-58,-34,0.7,450
17,Summer,CuriJJ,Samsung Galaxy,Support,66.0,4.8,73.0,-13,30,0.7,188
17,Summer,Crezy,bbq Olivers,Top,29.0,2.6,61.4,101,101,5.6,408
17,Summer,Cruw,ROX Tigers,Middle,0.0,0.7,66.7,-13,-155,-1.0,399
17,Summer,Cruwn,Samsung Galaxy,Middle,66.0,3.3,66.8,14,-4,1.6,511
17,Summer,CaVii,Samsung Galaxy,Top,66.0,3.5,61.1,-3,-129,-2.5,422
17,Summer,Cazz,Longzhu Gaming,Jungle,70.0,4.6,64.5,-8,-146,-4.3,303
17,Summer,Dift,KT Rolster,ADC,66.0,5.8,63.7,180,125,4.9,585
17,Summer,DiaL,Ever8 Winners,ADC,27.0,2.8,63.6,-251,-131,-5.2,427
17,Summer,Elle,Ever8 Winners,Support,24.0,2.0,60.7,-119,-77,2.8,123
17,Summer,Fekir,SK Telecom T1,Middle,63.0,3.4,65.3,48,84,4.1,503
17,Summer,Ghust,bbq Olivers,ADC,29.0,2.8,68.1,-32,-45,-1.3,467
17,Summer,GurollA,Longzhu Gaming,Support,70.0,4.2,67.0,75,105,1.0,209
17,Summer,Hecheno,Ever8 Winners,Jungle,0.0,1.1,62.5,-233,-128,-16.5,175
17,Summer,Hecheno,Ever8 Winners,Support,33.0,2.1,67.7,-179,-325,-0.2,134
17,Summer,Hera,Samsung Galaxy,Jungle,57.0,2.4,57.4,197,117,4.9,229
17,Summer,Hilpir,Ever8 Winners,Top,24.0,2.3,63.0,-267,-258,-10.1,330
17,Summer,Hano,SK Telecom T1,Top,44.0,1.5,55.7,-203,-117,-1.8,477
17,Summer,Ien,MVP,Middle,31.0,3.1,72.4,-165,-90,-3.2,518
17,Summer,okssa,Jin Air Green Wings,Top,48.0,2.7,66.0,147,277,5.3,419
17,Summer,Kiy,ROX Tigers,Support,39.0,2.8,79.0,76,-36,1.0,147
17,Summer,Khen,Longzhu Gaming,Top,72.0,4.1,64.7,116,49,1.3,516
17,Summer,Koon,Ever8 Winners,Top,30.0,2.4,61.3,-84,13,-1.6,378
17,Summer,Kremir,Afreeca Freecs,ADC,56.0,4.6,65.3,-120,-53,-3.1,527
17,Summer,Karu,Afreeca Freecs,Middle,56.0,4.2,72.8,-103,-47,-4.9,541
17,Summer,Kazen,Jin Air Green Wings,Middle,50.0,3.7,68.3,182,161,6.5,495
17,Summer,Leve,ROX Tigers,Middle,38.0,2.7,75.1,-143,-230,-4.6,494
17,Summer,Londereng,ROX Tigers,Top,39.0,2.3,64.7,-213,-131,-5.9,340
17,Summer,MeHe,MVP,ADC,31.0,3.4,69.6,-57,-108,-2.8,490
17,Summer,Melreng,Ever8 Winners,Jungle,28.0,3.2,68.9,-57,14,-0.2,238
17,Summer,MeRon,Afreeca Freecs,Top,56.0,2.8,60.6,50,119,3.3,415
17,Summer,Mete,KT Rolster,Support,66.0,5.0,67.4,10,-5,-1.1,156
17,Summer,Mex,MVP,Support,31.0,3.1,76.3,53,104,-1.6,156
17,Summer,Mockiy,ROX Tigers,Middle,41.0,2.6,70.0,-131,-163,-3.3,493
17,Summer,Moghtybier,ROX Tigers,Jungle,25.0,3.1,73.3,-203,-190,-5.6,244
17,Summer,Muwglo,Afreeca Freecs,Jungle,50.0,2.7,63.6,-134,-174,-1.7,227
17,Summer,PewN,KT Rolster,Middle,66.0,6.0,68.0,85,75,-1.7,474
17,Summer,Pienat,SK Telecom T1,Jungle,50.0,2.8,65.8,-36,96,2.8,203
17,Summer,PreY,Longzhu Gaming,ADC,70.0,4.7,64.2,143,35,3.1,519
17,Summer,Reosi,Jin Air Green Wings,Jungle,0.0,1.4,100.0,186,-145,18.0,142
17,Summer,Rescel,Longzhu Gaming,Top,0.0,2.0,80.0,-120,-268,-7.0,476
17,Summer,Ralir,Samsung Galaxy,ADC,66.0,3.9,70.7,100,83,3.8,549
17,Summer,Sengyuun,ROX Tigers,ADC,39.0,4.2,75.2,-24,-34,-2.5,530
17,Summer,Scuri,KT Rolster,Jungle,66.0,7.1,71.7,302,134,2.8,290
17,Summer,SiungHwen,ROX Tigers,Jungle,50.0,3.4,76.4,-245,-275,-2.0,227
17,Summer,Shy,ROX Tigers,Top,36.0,1.3,55.1,-207,-187,-6.1,322
17,Summer,Smib,KT Rolster,Top,66.0,4.3,70.5,310,180,5.7,480
17,Summer,SnuwFluwir,Jin Air Green Wings,Support,50.0,2.6,71.0,-22,-51,-0.6,164
17,Summer,SuHwen,Jin Air Green Wings,Top,52.0,3.2,68.1,108,201,7.7,416
17,Summer,Sporot,Afreeca Freecs,Jungle,57.0,3.1,71.6,-20,64,0.1,274
17,Summer,Tiddy,Jin Air Green Wings,ADC,50.0,3.5,68.8,-33,27,-0.1,521
17,Summer,Timpt,bbq Olivers,Middle,29.0,2.9,68.1,-26,-72,-0.9,478
17,Summer,Tuturu,bbq Olivers,Support,29.0,2.7,65.1,26,1,-0.3,123
17,Summer,TasoN,Afreeca Freecs,Support,56.0,3.5,71.5,-12,16,-1.0,182
17,Summer,UmTo,Jin Air Green Wings,Jungle,51.0,3.1,70.0,74,68,-2.1,259
17,Summer,Untere,SK Telecom T1,Top,76.0,3.0,56.1,-93,-37,-0.7,403
17,Summer,Wulf,SK Telecom T1,Support,63.0,3.4,69.6,-71,-26,0.1,161
18,Spring,ADD,MVP,Top,33.0,1.9,64.7,0,-123,-2.2,503
18,Spring,Aomong,Afreeca Freecs,ADC,71.0,6.1,79.2,-75,-29,-4.9,530
18,Spring,Ambotoun,KSV eSports,Jungle,52.0,2.2,65.2,-53,-59,0.5,171
18,Spring,Beng,SK Telecom T1,ADC,50.0,9.6,77.4,9,75,1.2,650
18,Spring,Bdd,Kingzone DragonX,Middle,83.0,7.6,73.3,91,132,3.7,484
18,Spring,Biyund,MVP,Jungle,33.0,1.9,73.2,39,135,-0.1,179
18,Spring,Blenk,SK Telecom T1,Jungle,42.0,4.1,83.6,-129,-193,-1.9,168
18,Spring,Blussum,SK Telecom T1,Jungle,61.0,2.4,74.6,-162,-168,-3.6,169
18,Spring,bunO,bbq Olivers,Jungle,25.0,2.8,68.5,11,37,-2.4,218
18,Spring,CuriJJ,KSV eSports,Support,50.0,3.6,77.2,-26,-98,-0.7,123
18,Spring,Crezy,bbq Olivers,Top,39.0,3.3,62.7,-33,30,2.4,434
18,Spring,Cruwn,KSV eSports,Middle,50.0,2.4,72.1,-85,-5,1.8,491
18,Spring,CaVii,KSV eSports,Top,50.0,2.2,64.3,-24,-17,-2.7,441
18,Spring,Cazz,Kingzone DragonX,Jungle,100.0,4.2,70.4,-13,-96,5.4,226
18,Spring,Dift,KT Rolster,ADC,65.0,5.0,71.7,166,97,4.6,653
18,Spring,Edgi,Kongdoo Monster,Middle,22.0,2.6,75.3,11,-2,0.3,444
18,Spring,Effurt,SK Telecom T1,Support,53.0,5.6,83.1,-77,-96,-2.4,144
18,Spring,Fekir,SK Telecom T1,Middle,50.0,4.3,81.6,-57,5,-0.4,548
18,Spring,Ghust,bbq Olivers,ADC,39.0,3.4,68.3,-62,-7,-3.4,445
18,Spring,GurollA,Kingzone DragonX,Support,83.0,5.0,68.1,-11,26,2.2,139
18,Spring,Hera,KSV eSports,Jungle,47.0,2.0,69.6,165,141,5.2,187
18,Spring,Ien,MVP,Middle,33.0,3.0,73.5,71,-1,2.7,525
18,Spring,IgNer,bbq Olivers,Support,39.0,4.2,70.9,19,36,-0.6,89
18,Spring,Jastoci,Jin Air Green Wings,Middle,38.0,4.2,76.1,-127,-237,-11.4,387
18,Spring,Kiy,ROX Tigers,Support,49.0,3.1,73.4,72,41,1.3,130
18,Spring,Khen,Kingzone DragonX,Top,88.0,5.9,60.9,152,107,3.6,570
18,Spring,Koon,Afreeca Freecs,Top,68.0,3.9,59.2,27,41,3.1,425
18,Spring,Kremir,Afreeca Freecs,ADC,68.0,7.9,77.0,48,-5,-0.6,547
18,Spring,Karu,Afreeca Freecs,Middle,68.0,5.4,78.3,-56,-25,-4.0,505
18,Spring,Kazen,ROX Tigers,Middle,0.0,0.1,16.7,-93,-93,8.5,365
18,Spring,Leve,ROX Tigers,Middle,51.0,3.7,78.4,94,80,-1.5,565
18,Spring,Londereng,ROX Tigers,Top,49.0,2.8,63.0,79,-24,-1.2,418
18,Spring,MeHe,MVP,ADC,7.0,2.0,76.0,-92,-220,-4.1,529
18,Spring,Mete,KT Rolster,Support,65.0,6.2,74.8,20,-50,0.7,122
18,Spring,Mex,MVP,Support,33.0,2.3,72.9,68,33,-0.9,143
18,Spring,Moghtybier,ROX Tigers,Jungle,0.0,1.3,83.3,-17,-156,0.0,128
18,Spring,Muwglo,Afreeca Freecs,Jungle,70.0,8.3,83.8,-149,-121,-3.0,174
18,Spring,PewN,KT Rolster,Middle,61.0,4.5,75.5,-67,-69,-2.4,512
18,Spring,Pienat,Kingzone DragonX,Jungle,80.0,8.5,78.2,173,220,5.4,255
18,Spring,Polut,MVP,ADC,46.0,5.5,74.5,-129,-97,-5.7,584
18,Spring,PreY,Kingzone DragonX,ADC,83.0,8.2,68.9,161,131,3.8,633
18,Spring,Reosi,Kongdoo Monster,Jungle,27.0,1.8,72.8,-150,-227,-6.3,175
18,Spring,Rescel,Kingzone DragonX,Top,57.0,4.1,55.4,339,119,3.3,410
18,Spring,Ruech,Kongdoo Monster,Top,22.0,1.7,54.1,-183,-1,-1.7,346
18,Spring,Ralir,KSV eSports,ADC,50.0,3.2,71.2,-22,37,1.0,556
18,Spring,Rash,KT Rolster,Jungle,100.0,5.0,60.0,220,63,4.5,114
18,Spring,Sengyuun,ROX Tigers,ADC,49.0,4.0,69.2,-92,-48,-1.3,520
18,Spring,Scuri,KT Rolster,Jungle,63.0,4.4,77.5,37,20,-0.8,186
18,Spring,Sicrit,Kongdoo Monster,Support,22.0,2.0,69.5,-88,4,0.2,112
18,Spring,SiungHwen,ROX Tigers,Jungle,51.0,3.3,78.6,-25,-139,-0.7,203
18,Spring,Smib,KT Rolster,Top,65.0,3.9,67.7,39,-5,0.3,481
18,Spring,SuHwen,Jin Air Green Wings,Top,43.0,3.1,54.8,-1,52,3.9,383
18,Spring,Sporot,Afreeca Freecs,Jungle,68.0,4.3,73.0,39,92,0.5,171
18,Spring,SS,Kongdoo Monster,ADC,22.0,2.9,74.7,-69,-133,-2.2,521
18,Spring,Tiddy,Jin Air Green Wings,ADC,43.0,5.4,79.6,5,-13,2.5,672
18,Spring,Timpt,bbq Olivers,Middle,39.0,3.8,72.3,89,31,1.2,527
18,Spring,Thel,SK Telecom T1,Top,60.0,3.6,56.4,20,-6,-3.2,489
18,Spring,Trock,bbq Olivers,Jungle,42.0,2.8,75.8,11,83,-2.1,166
18,Spring,TasoN,Afreeca Freecs,Support,68.0,4.0,76.1,-14,-8,-2.5,130
18,Spring,Ucel,KT Rolster,Middle,75.0,6.1,66.4,88,76,3.6,445
18,Spring,UmTo,Jin Air Green Wings,Jungle,43.0,3.0,73.1,81,99,4.7,193
18,Spring,Untere,SK Telecom T1,Top,38.0,2.3,57.1,-201,-121,-6.9,275
18,Spring,Woz,Kongdoo Monster,Jungle,0.0,1.9,80.4,-234,-317,-5.6,152
18,Spring,Wulf,SK Telecom T1,Jungle,50.0,4.1,70.7,-166,69,2.0,177
18,Spring,Wulf,SK Telecom T1,Support,48.0,3.6,75.5,16,97,2.2,112
18,Spring,Wreoth,Jin Air Green Wings,Support,43.0,3.7,76.3,-19,2,-0.1,107
18,Spring,Yeherung,Jin Air Green Wings,Middle,44.0,3.9,71.1,-110,-157,-1.2,545
18,Summer,ADD,MVP,Top,28.0,2.1,66.3,-65,-149,-2.1,412
18,Summer,Aomong,Afreeca Freecs,ADC,60.0,5.1,71.4,-168,-228,-7.9,419
18,Summer,Alphemung,Gen.G,Top,0.0,1.0,75.0,581,51,1.0,137
18,Summer,Ambotoun,Gen.G,Jungle,62.0,3.0,74.2,-88,-2,1.5,148
18,Summer,Aspir,Hanwha Life Esports,Support,0.0,3.0,60.0,-319,316,10.0,65
18,Summer,Beng,SK Telecom T1,ADC,46.0,4.9,70.1,-47,-32,-4.3,566
18,Summer,Bdd,Kingzone DragonX,Middle,65.0,4.8,70.4,23,-58,1.6,449
18,Summer,Biyund,MVP,Jungle,27.0,2.2,76.0,-94,-68,0.0,177
18,Summer,Blenk,SK Telecom T1,Jungle,49.0,3.4,73.6,-40,-96,-2.6,179
18,Summer,Blussum,SK Telecom T1,Jungle,20.0,1.5,64.7,369,166,4.6,311
18,Summer,bunO,bbq Olivers,Jungle,0.0,1.1,80.4,-630,-582,-26.4,169
18,Summer,Chuvy,Griffin,Middle,70.0,9.1,71.1,-30,-43,-2.2,437
18,Summer,Clivir,Hanwha Life Esports,ADC,0.0,4.0,80.0,146,-203,6.0,421
18,Summer,CuriJJ,Gen.G,Support,64.0,3.9,73.8,6,8,-1.3,125
18,Summer,Crezy,bbq Olivers,Top,21.0,2.2,60.3,-79,-101,0.4,343
18,Summer,Cruwn,Gen.G,Middle,67.0,3.0,66.7,-43,28,-1.0,537
18,Summer,CaVii,Gen.G,Top,65.0,3.1,60.4,-45,-19,-2.0,393
18,Summer,Cazz,Kingzone DragonX,Jungle,46.0,2.0,67.0,54,96,4.8,205
18,Summer,Dift,KT Rolster,ADC,67.0,4.4,65.8,62,2,1.0,576
18,Summer,Effurt,SK Telecom T1,Support,53.0,2.7,69.3,14,-25,1.4,125
18,Summer,Fekir,SK Telecom T1,Middle,40.0,3.1,74.9,126,143,3.4,449
18,Summer,Fly,Gen.G,Middle,63.0,4.9,74.2,27,72,0.4,382
18,Summer,Ghust,bbq Olivers,ADC,23.0,2.1,65.4,-94,-137,-4.2,382
18,Summer,GurollA,Kingzone DragonX,Support,65.0,3.3,62.9,38,-21,0.4,118
18,Summer,Hera,Gen.G,Jungle,67.0,3.3,68.3,237,305,9.0,246
18,Summer,Huun,Hanwha Life Esports,Top,0.0,3.5,70.0,1019,393,24.0,359
18,Summer,Ien,MVP,Middle,27.0,2.8,77.4,-68,-178,-4.9,390
18,Summer,IgNer,bbq Olivers,Support,21.0,2.7,68.5,-16,-11,-0.3,122
18,Summer,Jastoci,Jin Air Green Wings,Middle,0.0,0.0,50.0,-62,280,-7.0,225
18,Summer,KeKAO,Jin Air Green Wings,Jungle,0.0,0.6,41.7,-1,233,15.5,80
18,Summer,Kiy,Hanwha Life Esports,Support,56.0,4.0,71.1,-18,-19,0.3,123
18,Summer,Khen,Kingzone DragonX,Top,63.0,3.2,56.7,219,119,4.8,450
18,Summer,Koon,Afreeca Freecs,Top,57.0,3.9,62.1,113,111,5.5,450
18,Summer,Kongin,KT Rolster,Top,0.0,1.0,100.0,-736,-903,-18.0,141
18,Summer,Kremir,Afreeca Freecs,ADC,45.0,6.9,71.1,-204,-301,-12.4,356
18,Summer,Karu,Afreeca Freecs,Middle,57.0,5.1,72.4,-8,196,2.3,453
18,Summer,Kazen,Hanwha Life Esports,Middle,0.0,2.0,40.0,-728,-574,-5.0,325
18,Summer,Leve,Hanwha Life Esports,Middle,56.0,3.5,74.9,-78,-119,-5.4,450
18,Summer,Lihinds,Griffin,Support,68.0,5.9,74.1,110,170,-0.1,178
18,Summer,Liu,SK Telecom T1,ADC,33.0,4.8,73.1,-189,-10,-8.0,475
18,Summer,Londereng,Hanwha Life Esports,Top,56.0,2.5,60.9,-87,-99,-2.2,406
18,Summer,MeHe,MVP,ADC,0.0,1.1,50.0,-128,-199,-4.3,288
18,Summer,MeHe,MVP,Top,0.0,0.7,40.0,-690,-617,-11.0,210
18,Summer,Mete,KT Rolster,Support,67.0,3.4,68.0,-24,-14,0.6,128
18,Summer,Mex,MVP,Support,27.0,2.1,67.6,-2,40,-2.6,151
18,Summer,Mex,MVP,Top,33.0,1.6,61.9,-370,-7,-10.0,303
18,Summer,Moghtybier,Hanwha Life Esports,Jungle,0.0,5.0,100.0,151,-373,7.0,300
18,Summer,Mutovi,MVP,Support,25.0,1.8,79.2,-131,-224,-1.8,138
18,Summer,Muwglo,Afreeca Freecs,Jungle,50.0,4.0,65.4,-144,-199,-4.8,195
18,Summer,Nuve,Jin Air Green Wings,Support,31.0,2.3,63.7,-104,-72,-0.8,115
18,Summer,PewN,KT Rolster,Middle,0.0,1.0,71.4,48,-424,-5.0,368
18,Summer,Pienat,Kingzone DragonX,Jungle,73.0,4.6,67.7,121,201,3.1,225
18,Summer,Polut,MVP,ADC,29.0,3.8,76.1,-55,-56,0.2,500
18,Summer,Porien,SK Telecom T1,Middle,53.0,3.2,67.5,-3,-10,1.2,419
18,Summer,PreY,Kingzone DragonX,ADC,65.0,4.4,62.2,126,269,7.3,480
18,Summer,Pronci,bbq Olivers,ADC,0.0,1.1,55.2,314,66,8.0,343
18,Summer,Rescel,Kingzone DragonX,Top,100.0,15.0,68.2,190,89,-6.7,417
18,Summer,Rethir,Griffin,Middle,63.0,4.3,75.0,-7,-255,3.9,400
18,Summer,Ralir,Gen.G,ADC,64.0,5.1,73.3,125,-36,3.0,569
18,Summer,Rash,KT Rolster,Jungle,57.0,1.9,61.1,5,-66,-5.0,225
18,Summer,Sengyuun,Hanwha Life Esports,ADC,56.0,5.5,69.0,74,106,1.1,511
18,Summer,Scuri,KT Rolster,Jungle,69.0,3.7,72.7,180,253,4.6,222
18,Summer,SiungHwen,Hanwha Life Esports,Jungle,56.0,3.1,72.3,52,4,0.3,182
18,Summer,Smib,KT Rolster,Top,69.0,4.7,64.4,80,62,2.7,476
18,Summer,SuHwen,Jin Air Green Wings,Top,31.0,2.5,61.4,-16,27,-0.7,350
18,Summer,Sporot,Afreeca Freecs,Jungle,58.0,4.1,71.4,48,82,3.3,207
18,Summer,Swurd,Griffin,Top,68.0,4.3,62.2,-124,12,-3.8,407
18,Summer,Terzen,Griffin,Jungle,68.0,6.5,77.3,-63,-207,-5.7,231
18,Summer,Tiddy,Jin Air Green Wings,ADC,31.0,3.1,70.1,-49,-7,2.1,498
18,Summer,Timpt,bbq Olivers,Middle,21.0,3.1,75.3,81,55,3.7,405
18,Summer,Thel,SK Telecom T1,Top,45.0,2.3,58.4,27,51,-1.3,419
18,Summer,Trock,bbq Olivers,Jungle,25.0,2.4,77.9,-125,-116,-2.4,187
18,Summer,TasoN,Afreeca Freecs,Support,57.0,3.6,71.6,49,33,2.3,130
18,Summer,Ucel,KT Rolster,Middle,69.0,4.2,66.8,4,29,-0.1,442
18,Summer,UmTo,Jin Air Green Wings,Jungle,34.0,2.5,74.2,-12,-14,-1.5,212
18,Summer,Vopir,Griffin,ADC,68.0,7.0,69.8,17,149,2.6,470
18,Summer,Wulf,SK Telecom T1,Support,0.0,1.2,87.9,-101,-284,-3.3,152
18,Summer,Yeherung,Jin Air Green Wings,Middle,32.0,2.7,66.2,-7,6,1.2,381
19,Spring,Aomong,Afreeca Freecs,ADC,34.0,3.4,68.7,-6,-73,-4.6,504
19,Spring,ALL IN,Afreeca Freecs,Middle,40.0,2.3,63.5,-204,-141,-3.8,331
19,Spring,Bdd,KT Rolster,Middle,31.0,3.0,72.0,95,58,3.2,398
19,Spring,BiryL,DWG KIA,Support,69.0,2.6,66.9,-98,-14,-1.8,103
19,Spring,bunO,Hanwha Life Esports,Jungle,47.0,2.4,69.8,-71,-2,-1.3,188
19,Spring,Cenyun,DWG KIA,Jungle,57.0,3.4,70.4,-156,-136,-0.5,251
19,Spring,ChiunGu,Jin Air Green Wings,Middle,0.0,0.5,52.6,-336,-228,-5.0,245
19,Spring,ChiunGu,Jin Air Green Wings,Top,0.0,3.3,54.2,-537,-218,-10.0,233
19,Spring,Chuvy,Griffin,Middle,79.0,10.7,64.7,251,191,5.4,463
19,Spring,Clod,SK Telecom T1,Jungle,70.0,5.4,75.5,103,44,0.1,221
19,Spring,Crash,Liiv SANDBOX,Jungle,0.0,1.0,50.0,-458,-277,-3.0,175
19,Spring,CaVii,Gen.G,Top,38.0,2.2,59.0,-18,-50,-4.6,347
19,Spring,Cazz,Kingzone DragonX,Jungle,69.0,3.8,66.0,72,153,3.4,275
19,Spring,Dift,Kingzone DragonX,ADC,69.0,5.1,72.5,76,81,4.3,636
19,Spring,Duvi,Liiv SANDBOX,Middle,64.0,4.4,70.2,-52,35,1.8,433
19,Spring,Dried,Afreeca Freecs,Jungle,37.0,2.4,71.3,-49,-43,-2.3,214
19,Spring,Fekir,SK Telecom T1,Middle,70.0,4.0,62.0,-21,-74,3.3,434
19,Spring,Flemi,DWG KIA,Top,50.0,3.7,61.7,114,114,7.6,421
19,Spring,Fly,Gen.G,Middle,33.0,2.4,65.2,-109,-41,-2.8,361
19,Spring,Gengu,KT Rolster,ADC,25.0,2.4,65.1,-92,-93,-3.9,420
19,Spring,Ghust,Liiv SANDBOX,ADC,64.0,4.7,67.9,-54,72,0.3,506
19,Spring,Huot,DWG KIA,Support,55.0,4.2,74.3,-53,-59,-0.4,119
19,Spring,Huun,Afreeca Freecs,Middle,33.0,1.3,48.8,-349,-248,-14.3,247
19,Spring,Jilly,Afreeca Freecs,Support,30.0,2.0,67.3,-4,-42,-0.7,115
19,Spring,Jukir,Liiv SANDBOX,Support,64.0,2.4,66.0,63,104,0.6,145
19,Spring,Killon,Jin Air Green Wings,Support,5.0,1.4,63.6,-148,-191,-0.7,91
19,Spring,Kisho,Afreeca Freecs,Support,33.0,1.9,65.8,-11,58,1.1,124
19,Spring,Kiy,Hanwha Life Esports,Support,49.0,2.8,72.6,173,-4,3.1,113
19,Spring,Khen,SK Telecom T1,Top,70.0,4.1,60.2,72,-27,0.0,465
19,Spring,Koon,Afreeca Freecs,Top,33.0,2.5,61.0,151,101,5.0,426
19,Spring,Kongin,KT Rolster,Top,38.0,2.6,60.5,-92,74,0.7,409
19,Spring,Leve,Hanwha Life Esports,Middle,41.0,2.9,73.6,-77,-110,-4.2,380
19,Spring,Lihinds,Griffin,Support,79.0,8.3,70.1,164,190,-0.5,161
19,Spring,Lofi,Gen.G,Support,36.0,2.5,73.9,-82,-59,0.6,114
19,Spring,Londereng,Jin Air Green Wings,Top,11.0,1.3,56.6,-16,-3,-2.6,310
19,Spring,Melreng,Jin Air Green Wings,Jungle,4.0,3.1,77.4,-212,-352,-9.7,166
19,Spring,Mete,SK Telecom T1,Support,70.0,3.9,67.1,-19,62,-0.1,105
19,Spring,MuuJon,Hanwha Life Esports,Jungle,67.0,3.2,87.9,-87,-108,1.3,173
19,Spring,Neihyan,Kingzone DragonX,Middle,33.0,3.4,73.0,-118,-190,-7.3,351
19,Spring,Nuve,Jin Air Green Wings,Support,13.0,1.2,62.2,-64,-142,0.2,109
19,Spring,Naclier,DWG KIA,ADC,59.0,5.5,70.1,8,-39,-0.9,450
19,Spring,Nagaro,DWG KIA,Top,63.0,2.8,64.6,126,-1,5.4,535
19,Spring,OnFliik,Liiv SANDBOX,Jungle,65.0,3.5,66.8,52,25,3.3,256
19,Spring,PewN,Kingzone DragonX,Middle,72.0,4.4,62.6,61,43,-6.9,379
19,Spring,Pienat,Gen.G,Jungle,36.0,2.7,67.1,14,16,-0.4,174
19,Spring,Pronci,DWG KIA,ADC,100.0,2.0,50.0,109,5,-7.0,609
19,Spring,Pruad,Afreeca Freecs,Support,29.0,4.2,80.6,-290,-171,-5.1,111
19,Spring,Panch,DWG KIA,Jungle,64.0,4.3,75.7,-16,-24,5.5,180
19,Spring,Rescel,Kingzone DragonX,Top,69.0,3.2,56.3,-161,-118,-7.8,376
19,Spring,Ruech,Gen.G,Middle,60.0,3.9,59.6,-169,6,-8.8,264
19,Spring,Ruech,Gen.G,Top,35.0,3.6,69.7,29,87,-0.5,330
19,Spring,Ruati,Jin Air Green Wings,ADC,9.0,1.9,59.2,-50,4,0.5,447
19,Spring,Ralir,Gen.G,ADC,36.0,4.2,77.1,-7,-52,-1.5,539
19,Spring,Sengyuun,Hanwha Life Esports,ADC,49.0,4.1,71.6,-64,7,-2.9,460
19,Spring,Scuri,KT Rolster,Jungle,32.0,2.7,73.0,-48,22,-0.8,223
19,Spring,Siozi,Jin Air Green Wings,Jungle,14.0,1.9,56.7,-130,-216,-3.1,202
19,Spring,ShuwMekir,DWG KIA,Middle,60.0,4.5,70.6,-42,46,0.3,439
19,Spring,Smib,KT Rolster,Top,28.0,2.0,60.9,-136,-108,-2.8,412
19,Spring,SnuwFluwir,KT Rolster,Support,31.0,2.4,69.9,-76,-111,-2.7,126
19,Spring,SuHwen,Hanwha Life Esports,Top,40.0,1.9,60.0,84,-136,-3.2,303
19,Spring,Sporot,Afreeca Freecs,ADC,40.0,3.3,71.4,-121,384,-5.8,366
19,Spring,Sporot,Afreeca Freecs,Jungle,0.0,0.8,68.4,29,44,-0.4,222
19,Spring,Sporot,Afreeca Freecs,Support,50.0,2.6,86.7,-571,226,-9.3,218
19,Spring,SS,Afreeca Freecs,ADC,22.0,2.3,68.6,-268,-201,-5.2,485
19,Spring,Stotch,Jin Air Green Wings,ADC,0.0,0.5,33.3,-200,-18,-10.3,288
19,Spring,Sammot,Liiv SANDBOX,Top,65.0,3.6,62.0,62,132,5.7,457
19,Spring,Swurd,Griffin,Top,79.0,3.9,47.4,-36,-3,-1.6,345
19,Spring,TeNe,Jin Air Green Wings,Top,0.0,1.8,71.4,-57,-147,-1.5,411
19,Spring,Terzen,Griffin,Jungle,79.0,9.1,75.3,221,162,1.1,294
19,Spring,Tiddy,SK Telecom T1,ADC,70.0,7.4,66.7,24,-57,0.5,570
19,Spring,Timpt,Hanwha Life Esports,Middle,58.0,5.7,72.8,144,126,3.9,470
19,Spring,Thel,Hanwha Life Esports,Top,50.0,3.1,62.3,-61,-43,-0.7,349
19,Spring,TasoN,Kingzone DragonX,Support,69.0,4.6,71.6,78,46,2.2,127
19,Spring,Ucel,Afreeca Freecs,Middle,27.0,2.2,65.6,145,-34,5.8,361
19,Spring,UmTo,KT Rolster,Jungle,29.0,1.9,59.4,-61,77,4.7,206
19,Spring,Vopir,Griffin,ADC,79.0,8.7,59.0,198,33,6.3,464
19,Spring,Wozir,Liiv SANDBOX,Top,0.0,1.0,30.0,-51,191,12.0,452
19,Spring,Yeherung,Jin Air Green Wings,Middle,9.0,1.9,66.1,-88,-120,-3.0,371
19,Spring,Zinot,KT Rolster,ADC,35.0,2.8,66.4,6,70,2.4,508
19,Summer,Aomong,Afreeca Freecs,ADC,57.0,5.2,70.7,76,107,1.4,566
19,Summer,Bdd,KT Rolster,Middle,36.0,3.4,71.2,31,2,1.6,438
19,Summer,BiryL,DWG KIA,Support,65.0,3.5,69.5,-5,-20,1.8,154
19,Summer,bunO,Hanwha Life Esports,Jungle,41.0,3.0,72.7,21,-82,-5.2,185
19,Summer,Cenyun,DWG KIA,Jungle,65.0,4.0,74.0,0,-60,1.0,274
19,Summer,ChiunGu,Jin Air Green Wings,Middle,10.0,1.2,53.6,-273,-155,-7.8,312
19,Summer,Chuvy,Griffin,Middle,69.0,5.9,59.8,31,59,2.4,378
19,Summer,Clod,SK Telecom T1,Jungle,64.0,4.4,73.3,24,74,0.4,211
19,Summer,CaVii,Gen.G,Top,52.0,2.5,62.8,-149,-83,-3.7,379
19,Summer,Cazz,Kingzone DragonX,Jungle,50.0,3.3,72.0,22,15,1.8,276
19,Summer,Dift,Kingzone DragonX,ADC,50.0,3.6,72.2,-18,34,-0.3,526
19,Summer,Duren,Griffin,Top,68.0,3.2,56.0,-34,1,1.2,419
19,Summer,Duvi,Liiv SANDBOX,Middle,60.0,4.5,67.1,28,79,2.0,451
19,Summer,Dried,Afreeca Freecs,Jungle,57.0,2.8,66.7,27,32,1.6,225
19,Summer,Effurt,SK Telecom T1,Support,74.0,4.8,66.1,-84,-71,-6.2,118
19,Summer,Fekir,SK Telecom T1,Middle,62.0,3.3,62.3,17,20,0.9,448
19,Summer,Flemi,DWG KIA,Top,0.0,0.4,40.0,274,77,9.0,345
19,Summer,Fly,Gen.G,Middle,67.0,4.8,61.7,-241,-116,-11.1,376
19,Summer,Ghust,Liiv SANDBOX,ADC,60.0,4.0,71.1,-73,-17,-1.4,420
19,Summer,Guro,SK Telecom T1,Middle,0.0,1.0,75.0,317,118,5.0,228
19,Summer,Hera,SK Telecom T1,Jungle,25.0,4.2,73.5,47,-83,1.3,221
19,Summer,Huot,DWG KIA,Support,0.0,0.0,0.0,-14,-588,-2.0,27
19,Summer,Jukir,Liiv SANDBOX,Support,60.0,2.6,69.6,-61,23,-1.7,150
19,Summer,Killon,Jin Air Green Wings,Support,6.0,1.5,67.3,4,-113,-3.1,166
19,Summer,Kisho,Afreeca Freecs,Support,57.0,2.4,58.0,-50,-59,1.3,125
19,Summer,Kiy,Hanwha Life Esports,Support,36.0,2.6,66.1,-13,8,-0.2,120
19,Summer,Khen,SK Telecom T1,Top,60.0,2.6,59.1,-34,-29,-0.3,419
19,Summer,Koon,Afreeca Freecs,Top,57.0,3.0,57.6,149,188,5.5,400
19,Summer,Kongin,KT Rolster,Top,50.0,3.8,57.0,-122,-30,-5.4,362
19,Summer,Kazen,Gen.G,Middle,47.0,4.8,67.3,-80,-90,-1.2,358
19,Summer,Leve,Hanwha Life Esports,Middle,27.0,2.4,71.5,47,-85,-0.8,398
19,Summer,Lihinds,Griffin,Support,69.0,5.9,70.9,111,137,1.8,173
19,Summer,Lofi,Gen.G,Support,55.0,5.0,74.4,81,163,0.0,167
19,Summer,Londereng,Jin Air Green Wings,Top,14.0,1.4,53.8,-175,-113,-3.2,310
19,Summer,Melreng,Jin Air Green Wings,Jungle,9.0,2.1,73.9,-54,-90,-1.8,216
19,Summer,Mete,SK Telecom T1,Support,38.0,3.3,65.4,-98,-72,-4.1,130
19,Summer,MuuJon,Hanwha Life Esports,Jungle,0.0,2.3,95.8,-453,-487,-11.8,137
19,Summer,Neihyan,Kingzone DragonX,Middle,50.0,4.1,66.8,-78,35,-3.7,366
19,Summer,Nuve,Jin Air Green Wings,Support,22.0,2.1,78.6,-30,68,2.2,163
19,Summer,Naclier,DWG KIA,ADC,64.0,6.2,66.9,-152,-18,-6.2,457
19,Summer,Nagaro,DWG KIA,Top,67.0,3.4,66.1,152,11,5.5,572
19,Summer,OnFliik,Liiv SANDBOX,Jungle,60.0,3.3,71.3,-18,20,2.5,211
19,Summer,Pienat,Gen.G,Jungle,56.0,3.6,69.9,-62,-100,-4.1,159
19,Summer,PreY,KT Rolster,ADC,36.0,2.7,60.7,-46,48,0.4,393
19,Summer,Panch,DWG KIA,Jungle,0.0,1.0,100.0,377,729,11.0,146
19,Summer,Rescel,Kingzone DragonX,Top,50.0,2.4,62.2,-102,-90,-4.4,358
19,Summer,Roch,Gen.G,Middle,40.0,1.4,58.1,-432,-452,-19.0,314
19,Summer,Ruech,Gen.G,Middle,50.0,5.5,61.1,-513,114,-6.0,317
19,Summer,Ruech,Gen.G,Top,100.0,8.0,29.6,-28,121,-5.0,295
19,Summer,Ruati,Jin Air Green Wings,ADC,10.0,2.2,73.8,8,-45,0.3,437
19,Summer,Ralir,Gen.G,ADC,55.0,5.3,76.6,101,-98,-0.7,489
19,Summer,Sengyuun,Hanwha Life Esports,ADC,36.0,4.1,63.6,-26,-43,2.1,461
19,Summer,Scuri,KT Rolster,Jungle,37.0,2.6,69.7,-16,51,0.4,196
19,Summer,Siozi,Jin Air Green Wings,Jungle,20.0,1.4,72.4,-295,-382,-8.8,265
19,Summer,SiungHwen,Gen.G,Jungle,33.0,2.4,70.6,10,62,-3.7,169
19,Summer,ShuwMekir,DWG KIA,Middle,64.0,7.2,70.7,122,55,4.0,444
19,Summer,Smib,KT Rolster,Top,20.0,1.4,51.3,-119,-85,-2.7,324
19,Summer,SnuwFluwir,KT Rolster,Support,36.0,2.1,62.1,-15,-84,3.0,149
19,Summer,SuHwen,Hanwha Life Esports,Top,41.0,3.3,57.7,121,42,-0.6,330
19,Summer,Sammot,Liiv SANDBOX,Top,60.0,2.6,65.8,177,104,5.7,439
19,Summer,Swurd,Griffin,Top,70.0,4.0,58.3,154,184,2.1,385
19,Summer,TeNe,Jin Air Green Wings,Top,0.0,1.4,65.3,-4,-47,-1.1,292
19,Summer,Terzen,Griffin,Jungle,69.0,6.2,72.0,142,244,4.5,230
19,Summer,Tiddy,SK Telecom T1,ADC,60.0,6.0,64.8,0,28,4.1,511
19,Summer,Timpt,Hanwha Life Esports,Middle,45.0,5.0,72.6,137,66,0.4,476
19,Summer,Thel,Hanwha Life Esports,Top,23.0,2.1,63.0,-420,-358,-11.1,336
19,Summer,TasoN,Kingzone DragonX,Support,50.0,2.9,67.8,48,-10,1.0,150
19,Summer,Ucel,Afreeca Freecs,Middle,57.0,3.5,65.1,119,34,4.7,406
19,Summer,UmTo,KT Rolster,Jungle,33.0,3.1,65.7,-106,-153,-1.6,164
19,Summer,Vopir,Griffin,ADC,69.0,8.5,72.4,133,-7,0.5,526
19,Summer,Yeherung,Jin Air Green Wings,Middle,10.0,1.7,64.3,-142,-157,-3.6,357
